uri,name
"""http://www.semanticweb.org/hust/master/2024/10/ontologies/smartphone.owl/device/iPad_mini_2024""","""iPad mini (2024)"""
"""http://www.semanticweb.org/hust/master/2024/10/ontologies/smartphone.owl/device/iPhone_16_Pro_Max""","""iPhone 16 Pro Max"""
"""http://www.semanticweb.org/hust/master/2024/10/ontologies/smartphone.owl/device/iPhone_SE_2020""","""iPhone SE (2020)"""
"""http://www.semanticweb.org/hust/master/2024/10/ontologies/smartphone.owl/device/Pixel_9_Pro_XL""","""Pixel 9 Pro XL"""
"""http://www.semanticweb.org/hust/master/2024/10/ontologies/smartphone.owl/device/Pixel_9_Pro""","""Pixel 9 Pro"""
"""http://www.semanticweb.org/hust/master/2024/10/ontologies/smartphone.owl/device/Pixel_9""","""Pixel 9"""
"""http://www.semanticweb.org/hust/master/2024/10/ontologies/smartphone.owl/device/Pixel_9_Pro_Fold""","""Pixel 9 Pro Fold"""
"""http://www.semanticweb.org/hust/master/2024/10/ontologies/smartphone.owl/device/iPhone_16_Pro""","""iPhone 16 Pro"""
"""http://www.semanticweb.org/hust/master/2024/10/ontologies/smartphone.owl/device/iPhone_16_Plus""","""iPhone 16 Plus"""
"""http://www.semanticweb.org/hust/master/2024/10/ontologies/smartphone.owl/device/iPhone_16""","""iPhone 16"""
"""http://www.semanticweb.org/hust/master/2024/10/ontologies/smartphone.owl/device/iPad_Pro_13_2024""","""iPad Pro 13 (2024)"""
"""http://www.semanticweb.org/hust/master/2024/10/ontologies/smartphone.owl/device/iPad_Pro_11_2024""","""iPad Pro 11 (2024)"""
"""http://www.semanticweb.org/hust/master/2024/10/ontologies/smartphone.owl/device/iPad_Air_13_2024""","""iPad Air 13 (2024)"""
"""http://www.semanticweb.org/hust/master/2024/10/ontologies/smartphone.owl/device/iPad_Air_11_2024""","""iPad Air 11 (2024)"""
"""http://www.semanticweb.org/hust/master/2024/10/ontologies/smartphone.owl/device/iPhone_15_Pro_Max""","""iPhone 15 Pro Max"""
"""http://www.semanticweb.org/hust/master/2024/10/ontologies/smartphone.owl/device/iPhone_15_Pro""","""iPhone 15 Pro"""
"""http://www.semanticweb.org/hust/master/2024/10/ontologies/smartphone.owl/device/iPhone_15_Plus""","""iPhone 15 Plus"""
"""http://www.semanticweb.org/hust/master/2024/10/ontologies/smartphone.owl/device/iPhone_15""","""iPhone 15"""
"""http://www.semanticweb.org/hust/master/2024/10/ontologies/smartphone.owl/device/iPad_Pro_12_9_2022""","""iPad Pro 12.9 (2022)"""
"""http://www.semanticweb.org/hust/master/2024/10/ontologies/smartphone.owl/device/iPad_Pro_11_2022""","""iPad Pro 11 (2022)"""
"""http://www.semanticweb.org/hust/master/2024/10/ontologies/smartphone.owl/device/iPad_2022""","""iPad (2022)"""
"""http://www.semanticweb.org/hust/master/2024/10/ontologies/smartphone.owl/device/iPhone_14_Pro_Max""","""iPhone 14 Pro Max"""
"""http://www.semanticweb.org/hust/master/2024/10/ontologies/smartphone.owl/device/iPhone_14_Pro""","""iPhone 14 Pro"""
"""http://www.semanticweb.org/hust/master/2024/10/ontologies/smartphone.owl/device/iPhone_14_Plus""","""iPhone 14 Plus"""
"""http://www.semanticweb.org/hust/master/2024/10/ontologies/smartphone.owl/device/iPhone_14""","""iPhone 14"""
"""http://www.semanticweb.org/hust/master/2024/10/ontologies/smartphone.owl/device/iPhone_SE_2022""","""iPhone SE (2022)"""
"""http://www.semanticweb.org/hust/master/2024/10/ontologies/smartphone.owl/device/iPad_Air_2022""","""iPad Air (2022)"""
"""http://www.semanticweb.org/hust/master/2024/10/ontologies/smartphone.owl/device/iPhone_13_Pro_Max""","""iPhone 13 Pro Max"""
"""http://www.semanticweb.org/hust/master/2024/10/ontologies/smartphone.owl/device/iPhone_13_Pro""","""iPhone 13 Pro"""
"""http://www.semanticweb.org/hust/master/2024/10/ontologies/smartphone.owl/device/iPhone_13""","""iPhone 13"""
"""http://www.semanticweb.org/hust/master/2024/10/ontologies/smartphone.owl/device/iPhone_13_mini""","""iPhone 13 mini"""
"""http://www.semanticweb.org/hust/master/2024/10/ontologies/smartphone.owl/device/iPad_mini_2021""","""iPad mini (2021)"""
"""http://www.semanticweb.org/hust/master/2024/10/ontologies/smartphone.owl/device/iPad_10_2_2021""","""iPad 10.2 (2021)"""
"""http://www.semanticweb.org/hust/master/2024/10/ontologies/smartphone.owl/device/iPad_Pro_12_9_2021""","""iPad Pro 12.9 (2021)"""
"""http://www.semanticweb.org/hust/master/2024/10/ontologies/smartphone.owl/device/iPad_Pro_11_2021""","""iPad Pro 11 (2021)"""
"""http://www.semanticweb.org/hust/master/2024/10/ontologies/smartphone.owl/device/iPhone_12_Pro_Max""","""iPhone 12 Pro Max"""
"""http://www.semanticweb.org/hust/master/2024/10/ontologies/smartphone.owl/device/iPhone_12_Pro""","""iPhone 12 Pro"""
"""http://www.semanticweb.org/hust/master/2024/10/ontologies/smartphone.owl/device/iPhone_12""","""iPhone 12"""
"""http://www.semanticweb.org/hust/master/2024/10/ontologies/smartphone.owl/device/iPhone_12_mini""","""iPhone 12 mini"""
"""http://www.semanticweb.org/hust/master/2024/10/ontologies/smartphone.owl/device/iPad_Air_2020""","""iPad Air (2020)"""
"""http://www.semanticweb.org/hust/master/2024/10/ontologies/smartphone.owl/device/iPad_10_2_2020""","""iPad 10.2 (2020)"""
"""http://www.semanticweb.org/hust/master/2024/10/ontologies/smartphone.owl/device/iPad_Pro_12_9_2020""","""iPad Pro 12.9 (2020)"""
"""http://www.semanticweb.org/hust/master/2024/10/ontologies/smartphone.owl/device/iPad_Pro_11_2020""","""iPad Pro 11 (2020)"""
"""http://www.semanticweb.org/hust/master/2024/10/ontologies/smartphone.owl/device/iPhone_11_Pro_Max""","""iPhone 11 Pro Max"""
"""http://www.semanticweb.org/hust/master/2024/10/ontologies/smartphone.owl/device/iPhone_11_Pro""","""iPhone 11 Pro"""
"""http://www.semanticweb.org/hust/master/2024/10/ontologies/smartphone.owl/device/iPhone_11""","""iPhone 11"""
"""http://www.semanticweb.org/hust/master/2024/10/ontologies/smartphone.owl/device/iPad_10_2_2019""","""iPad 10.2 (2019)"""
"""http://www.semanticweb.org/hust/master/2024/10/ontologies/smartphone.owl/device/iPad_Air_2019""","""iPad Air (2019)"""
"""http://www.semanticweb.org/hust/master/2024/10/ontologies/smartphone.owl/device/iPad_mini_2019""","""iPad mini (2019)"""
"""http://www.semanticweb.org/hust/master/2024/10/ontologies/smartphone.owl/device/iPad_Pro_12_9_2018""","""iPad Pro 12.9 (2018)"""
"""http://www.semanticweb.org/hust/master/2024/10/ontologies/smartphone.owl/device/iPad_Pro_11_2018""","""iPad Pro 11 (2018)"""
"""http://www.semanticweb.org/hust/master/2024/10/ontologies/smartphone.owl/device/iPhone_XS_Max""","""iPhone XS Max"""
"""http://www.semanticweb.org/hust/master/2024/10/ontologies/smartphone.owl/device/iPhone_XS""","""iPhone XS"""
"""http://www.semanticweb.org/hust/master/2024/10/ontologies/smartphone.owl/device/iPhone_XR""","""iPhone XR"""
"""http://www.semanticweb.org/hust/master/2024/10/ontologies/smartphone.owl/device/iPad_9_7_2018""","""iPad 9.7 (2018)"""
"""http://www.semanticweb.org/hust/master/2024/10/ontologies/smartphone.owl/device/iPhone_X""","""iPhone X"""
"""http://www.semanticweb.org/hust/master/2024/10/ontologies/smartphone.owl/device/iPhone_8_Plus""","""iPhone 8 Plus"""
"""http://www.semanticweb.org/hust/master/2024/10/ontologies/smartphone.owl/device/iPhone_8""","""iPhone 8"""
"""http://www.semanticweb.org/hust/master/2024/10/ontologies/smartphone.owl/device/iPad_Pro_12_9_2017""","""iPad Pro 12.9 (2017)"""
"""http://www.semanticweb.org/hust/master/2024/10/ontologies/smartphone.owl/device/iPad_Pro_10_5_2017""","""iPad Pro 10.5 (2017)"""
"""http://www.semanticweb.org/hust/master/2024/10/ontologies/smartphone.owl/device/iPad_9_7_2017""","""iPad 9.7 (2017)"""
"""http://www.semanticweb.org/hust/master/2024/10/ontologies/smartphone.owl/device/iPhone_7_Plus""","""iPhone 7 Plus"""
"""http://www.semanticweb.org/hust/master/2024/10/ontologies/smartphone.owl/device/iPhone_7""","""iPhone 7"""
"""http://www.semanticweb.org/hust/master/2024/10/ontologies/smartphone.owl/device/iPad_Pro_9_7_2016""","""iPad Pro 9.7 (2016)"""
"""http://www.semanticweb.org/hust/master/2024/10/ontologies/smartphone.owl/device/iPhone_SE""","""iPhone SE"""
"""http://www.semanticweb.org/hust/master/2024/10/ontologies/smartphone.owl/device/iPhone_6s_Plus""","""iPhone 6s Plus"""
"""http://www.semanticweb.org/hust/master/2024/10/ontologies/smartphone.owl/device/iPhone_6s""","""iPhone 6s"""
"""http://www.semanticweb.org/hust/master/2024/10/ontologies/smartphone.owl/device/iPad_Pro_12_9_2015""","""iPad Pro 12.9 (2015)"""
"""http://www.semanticweb.org/hust/master/2024/10/ontologies/smartphone.owl/device/iPad_mini_4_2015""","""iPad mini 4 (2015)"""
"""http://www.semanticweb.org/hust/master/2024/10/ontologies/smartphone.owl/device/iPad_Air_2""","""iPad Air 2"""
"""http://www.semanticweb.org/hust/master/2024/10/ontologies/smartphone.owl/device/iPad_mini_3""","""iPad mini 3"""
"""http://www.semanticweb.org/hust/master/2024/10/ontologies/smartphone.owl/device/iPhone_6_Plus""","""iPhone 6 Plus"""
"""http://www.semanticweb.org/hust/master/2024/10/ontologies/smartphone.owl/device/iPhone_6""","""iPhone 6"""
"""http://www.semanticweb.org/hust/master/2024/10/ontologies/smartphone.owl/device/iPad_Air""","""iPad Air"""
"""http://www.semanticweb.org/hust/master/2024/10/ontologies/smartphone.owl/device/iPad_mini_2""","""iPad mini 2"""
"""http://www.semanticweb.org/hust/master/2024/10/ontologies/smartphone.owl/device/iPhone_5s""","""iPhone 5s"""
"""http://www.semanticweb.org/hust/master/2024/10/ontologies/smartphone.owl/device/iPhone_5c""","""iPhone 5c"""
"""http://www.semanticweb.org/hust/master/2024/10/ontologies/smartphone.owl/device/iPad_mini_Wi_Fi""","""iPad mini Wi-Fi"""
"""http://www.semanticweb.org/hust/master/2024/10/ontologies/smartphone.owl/device/iPad_mini_Wi_Fi_Cellular""","""iPad mini Wi-Fi + Cellular"""
"""http://www.semanticweb.org/hust/master/2024/10/ontologies/smartphone.owl/device/iPad_4_Wi_Fi""","""iPad 4 Wi-Fi"""
"""http://www.semanticweb.org/hust/master/2024/10/ontologies/smartphone.owl/device/iPad_4_Wi_Fi_Cellular""","""iPad 4 Wi-Fi + Cellular"""
"""http://www.semanticweb.org/hust/master/2024/10/ontologies/smartphone.owl/device/iPhone_5""","""iPhone 5"""
"""http://www.semanticweb.org/hust/master/2024/10/ontologies/smartphone.owl/device/iPad_3_Wi_Fi_Cellular""","""iPad 3 Wi-Fi + Cellular"""
"""http://www.semanticweb.org/hust/master/2024/10/ontologies/smartphone.owl/device/iPad_3_Wi_Fi""","""iPad 3 Wi-Fi"""
"""http://www.semanticweb.org/hust/master/2024/10/ontologies/smartphone.owl/device/iPhone_4s""","""iPhone 4s"""
"""http://www.semanticweb.org/hust/master/2024/10/ontologies/smartphone.owl/device/iPad_2_Wi_Fi_3G""","""iPad 2 Wi-Fi + 3G"""
"""http://www.semanticweb.org/hust/master/2024/10/ontologies/smartphone.owl/device/iPad_2_Wi_Fi""","""iPad 2 Wi-Fi"""
"""http://www.semanticweb.org/hust/master/2024/10/ontologies/smartphone.owl/device/iPad_2_CDMA""","""iPad 2 CDMA"""
"""http://www.semanticweb.org/hust/master/2024/10/ontologies/smartphone.owl/device/iPhone_4""","""iPhone 4"""
"""http://www.semanticweb.org/hust/master/2024/10/ontologies/smartphone.owl/device/iPhone_4_CDMA""","""iPhone 4 CDMA"""
"""http://www.semanticweb.org/hust/master/2024/10/ontologies/smartphone.owl/device/iPad_Wi_Fi_3G""","""iPad Wi-Fi + 3G"""
"""http://www.semanticweb.org/hust/master/2024/10/ontologies/smartphone.owl/device/iPad_Wi_Fi""","""iPad Wi-Fi"""
"""http://www.semanticweb.org/hust/master/2024/10/ontologies/smartphone.owl/device/iPhone_3GS""","""iPhone 3GS"""
"""http://www.semanticweb.org/hust/master/2024/10/ontologies/smartphone.owl/device/iPhone_3G""","""iPhone 3G"""
"""http://www.semanticweb.org/hust/master/2024/10/ontologies/smartphone.owl/device/iPhone""","""iPhone"""
"""http://www.semanticweb.org/hust/master/2024/10/ontologies/smartphone.owl/device/Galaxy_A16_5G""","""Galaxy A16 5G"""
"""http://www.semanticweb.org/hust/master/2024/10/ontologies/smartphone.owl/device/Galaxy_S24_FE""","""Galaxy S24 FE"""
"""http://www.semanticweb.org/hust/master/2024/10/ontologies/smartphone.owl/device/Galaxy_Tab_S10_Ultra""","""Galaxy Tab S10 Ultra"""
"""http://www.semanticweb.org/hust/master/2024/10/ontologies/smartphone.owl/device/Galaxy_Tab_S10""","""Galaxy Tab S10+"""
"""http://www.semanticweb.org/hust/master/2024/10/ontologies/smartphone.owl/device/Galaxy_M55s""","""Galaxy M55s"""
"""http://www.semanticweb.org/hust/master/2024/10/ontologies/smartphone.owl/device/Galaxy_F05""","""Galaxy F05"""
"""http://www.semanticweb.org/hust/master/2024/10/ontologies/smartphone.owl/device/Galaxy_M05""","""Galaxy M05"""
"""http://www.semanticweb.org/hust/master/2024/10/ontologies/smartphone.owl/device/Galaxy_A06""","""Galaxy A06"""
"""http://www.semanticweb.org/hust/master/2024/10/ontologies/smartphone.owl/device/Galaxy_F14_4G""","""Galaxy F14 4G"""
"""http://www.semanticweb.org/hust/master/2024/10/ontologies/smartphone.owl/device/Galaxy_Z_Fold6""","""Galaxy Z Fold6"""
"""http://www.semanticweb.org/hust/master/2024/10/ontologies/smartphone.owl/device/Galaxy_Z_Flip6""","""Galaxy Z Flip6"""
"""http://www.semanticweb.org/hust/master/2024/10/ontologies/smartphone.owl/device/Galaxy_M35""","""Galaxy M35"""
"""http://www.semanticweb.org/hust/master/2024/10/ontologies/smartphone.owl/device/Galaxy_F55""","""Galaxy F55"""
"""http://www.semanticweb.org/hust/master/2024/10/ontologies/smartphone.owl/device/Galaxy_C55""","""Galaxy C55"""
"""http://www.semanticweb.org/hust/master/2024/10/ontologies/smartphone.owl/device/Galaxy_M55""","""Galaxy M55"""
"""http://www.semanticweb.org/hust/master/2024/10/ontologies/smartphone.owl/device/Galaxy_Tab_S6_Lite_2024""","""Galaxy Tab S6 Lite (2024)"""
"""http://www.semanticweb.org/hust/master/2024/10/ontologies/smartphone.owl/device/Galaxy_A55""","""Galaxy A55"""
"""http://www.semanticweb.org/hust/master/2024/10/ontologies/smartphone.owl/device/Galaxy_A35""","""Galaxy A35"""
"""http://www.semanticweb.org/hust/master/2024/10/ontologies/smartphone.owl/device/Galaxy_M15""","""Galaxy M15"""
"""http://www.semanticweb.org/hust/master/2024/10/ontologies/smartphone.owl/device/Galaxy_M14_4G""","""Galaxy M14 4G"""
"""http://www.semanticweb.org/hust/master/2024/10/ontologies/smartphone.owl/device/Galaxy_F15""","""Galaxy F15"""
"""http://www.semanticweb.org/hust/master/2024/10/ontologies/smartphone.owl/device/Galaxy_S24_Ultra""","""Galaxy S24 Ultra"""
"""http://www.semanticweb.org/hust/master/2024/10/ontologies/smartphone.owl/device/Galaxy_S24""","""Galaxy S24+"""
"""http://www.semanticweb.org/hust/master/2024/10/ontologies/smartphone.owl/device/Galaxy_S24""","""Galaxy S24"""
"""http://www.semanticweb.org/hust/master/2024/10/ontologies/smartphone.owl/device/Galaxy_XCover7""","""Galaxy XCover7"""
"""http://www.semanticweb.org/hust/master/2024/10/ontologies/smartphone.owl/device/Galaxy_Tab_Active5""","""Galaxy Tab Active5"""
"""http://www.semanticweb.org/hust/master/2024/10/ontologies/smartphone.owl/device/Galaxy_A25""","""Galaxy A25"""
"""http://www.semanticweb.org/hust/master/2024/10/ontologies/smartphone.owl/device/Galaxy_A15_5G""","""Galaxy A15 5G"""
"""http://www.semanticweb.org/hust/master/2024/10/ontologies/smartphone.owl/device/Galaxy_A15""","""Galaxy A15"""
"""http://www.semanticweb.org/hust/master/2024/10/ontologies/smartphone.owl/device/Galaxy_Tab_A9""","""Galaxy Tab A9+"""
"""http://www.semanticweb.org/hust/master/2024/10/ontologies/smartphone.owl/device/Galaxy_Tab_A9""","""Galaxy Tab A9"""
"""http://www.semanticweb.org/hust/master/2024/10/ontologies/smartphone.owl/device/Galaxy_S23_FE""","""Galaxy S23 FE"""
"""http://www.semanticweb.org/hust/master/2024/10/ontologies/smartphone.owl/device/Galaxy_Tab_S9_FE""","""Galaxy Tab S9 FE+"""
"""http://www.semanticweb.org/hust/master/2024/10/ontologies/smartphone.owl/device/Galaxy_Tab_S9_FE""","""Galaxy Tab S9 FE"""
"""http://www.semanticweb.org/hust/master/2024/10/ontologies/smartphone.owl/device/Galaxy_A05s""","""Galaxy A05s"""
"""http://www.semanticweb.org/hust/master/2024/10/ontologies/smartphone.owl/device/Galaxy_A05""","""Galaxy A05"""
"""http://www.semanticweb.org/hust/master/2024/10/ontologies/smartphone.owl/device/Galaxy_F34""","""Galaxy F34"""
"""http://www.semanticweb.org/hust/master/2024/10/ontologies/smartphone.owl/device/Galaxy_Z_Fold5""","""Galaxy Z Fold5"""
"""http://www.semanticweb.org/hust/master/2024/10/ontologies/smartphone.owl/device/Galaxy_Z_Flip5""","""Galaxy Z Flip5"""
"""http://www.semanticweb.org/hust/master/2024/10/ontologies/smartphone.owl/device/Galaxy_Tab_S9_Ultra""","""Galaxy Tab S9 Ultra"""
"""http://www.semanticweb.org/hust/master/2024/10/ontologies/smartphone.owl/device/Galaxy_Tab_S9""","""Galaxy Tab S9+"""
"""http://www.semanticweb.org/hust/master/2024/10/ontologies/smartphone.owl/device/Galaxy_Tab_S9""","""Galaxy Tab S9"""
"""http://www.semanticweb.org/hust/master/2024/10/ontologies/smartphone.owl/device/Galaxy_M34_5G""","""Galaxy M34 5G"""
"""http://www.semanticweb.org/hust/master/2024/10/ontologies/smartphone.owl/device/Galaxy_F54""","""Galaxy F54"""
"""http://www.semanticweb.org/hust/master/2024/10/ontologies/smartphone.owl/device/Galaxy_A24_4G""","""Galaxy A24 4G"""
"""http://www.semanticweb.org/hust/master/2024/10/ontologies/smartphone.owl/device/Galaxy_F14""","""Galaxy F14"""
"""http://www.semanticweb.org/hust/master/2024/10/ontologies/smartphone.owl/device/Galaxy_M54""","""Galaxy M54"""
"""http://www.semanticweb.org/hust/master/2024/10/ontologies/smartphone.owl/device/Galaxy_A54""","""Galaxy A54"""
"""http://www.semanticweb.org/hust/master/2024/10/ontologies/smartphone.owl/device/Galaxy_A34""","""Galaxy A34"""
"""http://www.semanticweb.org/hust/master/2024/10/ontologies/smartphone.owl/device/Galaxy_M14""","""Galaxy M14"""
"""http://www.semanticweb.org/hust/master/2024/10/ontologies/smartphone.owl/device/Galaxy_S23_Ultra""","""Galaxy S23 Ultra"""
"""http://www.semanticweb.org/hust/master/2024/10/ontologies/smartphone.owl/device/Galaxy_S23""","""Galaxy S23+"""
"""http://www.semanticweb.org/hust/master/2024/10/ontologies/smartphone.owl/device/Galaxy_S23""","""Galaxy S23"""
"""http://www.semanticweb.org/hust/master/2024/10/ontologies/smartphone.owl/device/Galaxy_A14""","""Galaxy A14"""
"""http://www.semanticweb.org/hust/master/2024/10/ontologies/smartphone.owl/device/Galaxy_A14_5G""","""Galaxy A14 5G"""
"""http://www.semanticweb.org/hust/master/2024/10/ontologies/smartphone.owl/device/Galaxy_F04""","""Galaxy F04"""
"""http://www.semanticweb.org/hust/master/2024/10/ontologies/smartphone.owl/device/Galaxy_M04""","""Galaxy M04"""
"""http://www.semanticweb.org/hust/master/2024/10/ontologies/smartphone.owl/device/Galaxy_Tab_A7_10_4_2022""","""Galaxy Tab A7 10.4 (2022)"""
"""http://www.semanticweb.org/hust/master/2024/10/ontologies/smartphone.owl/device/Galaxy_A04e""","""Galaxy A04e"""
"""http://www.semanticweb.org/hust/master/2024/10/ontologies/smartphone.owl/device/Galaxy_Tab_Active4_Pro""","""Galaxy Tab Active4 Pro"""
"""http://www.semanticweb.org/hust/master/2024/10/ontologies/smartphone.owl/device/Galaxy_A04s""","""Galaxy A04s"""
"""http://www.semanticweb.org/hust/master/2024/10/ontologies/smartphone.owl/device/Galaxy_A04""","""Galaxy A04"""
"""http://www.semanticweb.org/hust/master/2024/10/ontologies/smartphone.owl/device/Galaxy_Z_Fold4""","""Galaxy Z Fold4"""
"""http://www.semanticweb.org/hust/master/2024/10/ontologies/smartphone.owl/device/Galaxy_Z_Flip4""","""Galaxy Z Flip4"""
"""http://www.semanticweb.org/hust/master/2024/10/ontologies/smartphone.owl/device/Galaxy_A23_5G""","""Galaxy A23 5G"""
"""http://www.semanticweb.org/hust/master/2024/10/ontologies/smartphone.owl/device/Galaxy_M13_5G""","""Galaxy M13 5G"""
"""http://www.semanticweb.org/hust/master/2024/10/ontologies/smartphone.owl/device/Galaxy_M13_India""","""Galaxy M13 (India)"""
"""http://www.semanticweb.org/hust/master/2024/10/ontologies/smartphone.owl/device/Galaxy_A13_SM_A137""","""Galaxy A13 (SM-A137)"""
"""http://www.semanticweb.org/hust/master/2024/10/ontologies/smartphone.owl/device/Galaxy_XCover6_Pro""","""Galaxy XCover6 Pro"""
"""http://www.semanticweb.org/hust/master/2024/10/ontologies/smartphone.owl/device/Galaxy_F13""","""Galaxy F13"""
"""http://www.semanticweb.org/hust/master/2024/10/ontologies/smartphone.owl/device/Galaxy_M13""","""Galaxy M13"""
"""http://www.semanticweb.org/hust/master/2024/10/ontologies/smartphone.owl/device/Galaxy_Tab_S6_Lite_2022""","""Galaxy Tab S6 Lite (2022)"""
"""http://www.semanticweb.org/hust/master/2024/10/ontologies/smartphone.owl/device/Galaxy_M53""","""Galaxy M53"""
"""http://www.semanticweb.org/hust/master/2024/10/ontologies/smartphone.owl/device/Galaxy_S20_FE_2022""","""Galaxy S20 FE 2022"""
"""http://www.semanticweb.org/hust/master/2024/10/ontologies/smartphone.owl/device/Galaxy_A73_5G""","""Galaxy A73 5G"""
"""http://www.semanticweb.org/hust/master/2024/10/ontologies/smartphone.owl/device/Galaxy_A53_5G""","""Galaxy A53 5G"""
"""http://www.semanticweb.org/hust/master/2024/10/ontologies/smartphone.owl/device/Galaxy_A33_5G""","""Galaxy A33 5G"""
"""http://www.semanticweb.org/hust/master/2024/10/ontologies/smartphone.owl/device/Galaxy_F23""","""Galaxy F23"""
"""http://www.semanticweb.org/hust/master/2024/10/ontologies/smartphone.owl/device/Galaxy_M33""","""Galaxy M33"""
"""http://www.semanticweb.org/hust/master/2024/10/ontologies/smartphone.owl/device/Galaxy_M23""","""Galaxy M23"""
"""http://www.semanticweb.org/hust/master/2024/10/ontologies/smartphone.owl/device/Galaxy_A23""","""Galaxy A23"""
"""http://www.semanticweb.org/hust/master/2024/10/ontologies/smartphone.owl/device/Galaxy_A13""","""Galaxy A13"""
"""http://www.semanticweb.org/hust/master/2024/10/ontologies/smartphone.owl/device/Galaxy_S22_Ultra_5G""","""Galaxy S22 Ultra 5G"""
"""http://www.semanticweb.org/hust/master/2024/10/ontologies/smartphone.owl/device/Galaxy_S22_5G""","""Galaxy S22+ 5G"""
"""http://www.semanticweb.org/hust/master/2024/10/ontologies/smartphone.owl/device/Galaxy_S22_5G""","""Galaxy S22 5G"""
"""http://www.semanticweb.org/hust/master/2024/10/ontologies/smartphone.owl/device/Galaxy_Tab_S8_Ultra""","""Galaxy Tab S8 Ultra"""
"""http://www.semanticweb.org/hust/master/2024/10/ontologies/smartphone.owl/device/Galaxy_Tab_S8""","""Galaxy Tab S8+"""
"""http://www.semanticweb.org/hust/master/2024/10/ontologies/smartphone.owl/device/Galaxy_Tab_S8""","""Galaxy Tab S8"""
"""http://www.semanticweb.org/hust/master/2024/10/ontologies/smartphone.owl/device/Galaxy_S21_FE_5G""","""Galaxy S21 FE 5G"""
"""http://www.semanticweb.org/hust/master/2024/10/ontologies/smartphone.owl/device/Galaxy_Tab_A8_10_5_2021""","""Galaxy Tab A8 10.5 (2021)"""
"""http://www.semanticweb.org/hust/master/2024/10/ontologies/smartphone.owl/device/Galaxy_A13_5G""","""Galaxy A13 5G"""
"""http://www.semanticweb.org/hust/master/2024/10/ontologies/smartphone.owl/device/Galaxy_A03""","""Galaxy A03"""
"""http://www.semanticweb.org/hust/master/2024/10/ontologies/smartphone.owl/device/Galaxy_A03_Core""","""Galaxy A03 Core"""
"""http://www.semanticweb.org/hust/master/2024/10/ontologies/smartphone.owl/device/Galaxy_F42_5G""","""Galaxy F42 5G"""
"""http://www.semanticweb.org/hust/master/2024/10/ontologies/smartphone.owl/device/Galaxy_M52_5G""","""Galaxy M52 5G"""
"""http://www.semanticweb.org/hust/master/2024/10/ontologies/smartphone.owl/device/Galaxy_M22""","""Galaxy M22"""
"""http://www.semanticweb.org/hust/master/2024/10/ontologies/smartphone.owl/device/Galaxy_M32_5G""","""Galaxy M32 5G"""
"""http://www.semanticweb.org/hust/master/2024/10/ontologies/smartphone.owl/device/Galaxy_A03s""","""Galaxy A03s"""
"""http://www.semanticweb.org/hust/master/2024/10/ontologies/smartphone.owl/device/Galaxy_A52s_5G""","""Galaxy A52s 5G"""
"""http://www.semanticweb.org/hust/master/2024/10/ontologies/smartphone.owl/device/Galaxy_Z_Fold3_5G""","""Galaxy Z Fold3 5G"""
"""http://www.semanticweb.org/hust/master/2024/10/ontologies/smartphone.owl/device/Galaxy_Z_Flip3_5G""","""Galaxy Z Flip3 5G"""
"""http://www.semanticweb.org/hust/master/2024/10/ontologies/smartphone.owl/device/Galaxy_A12_India""","""Galaxy A12 (India)"""
"""http://www.semanticweb.org/hust/master/2024/10/ontologies/smartphone.owl/device/Galaxy_A12_Nacho""","""Galaxy A12 Nacho"""
"""http://www.semanticweb.org/hust/master/2024/10/ontologies/smartphone.owl/device/Galaxy_M21_2021""","""Galaxy M21 2021"""
"""http://www.semanticweb.org/hust/master/2024/10/ontologies/smartphone.owl/device/Galaxy_F22""","""Galaxy F22"""
"""http://www.semanticweb.org/hust/master/2024/10/ontologies/smartphone.owl/device/Galaxy_M32""","""Galaxy M32"""
"""http://www.semanticweb.org/hust/master/2024/10/ontologies/smartphone.owl/device/Galaxy_A22_5G""","""Galaxy A22 5G"""
"""http://www.semanticweb.org/hust/master/2024/10/ontologies/smartphone.owl/device/Galaxy_A22""","""Galaxy A22"""
"""http://www.semanticweb.org/hust/master/2024/10/ontologies/smartphone.owl/device/Galaxy_Tab_A7_Lite""","""Galaxy Tab A7 Lite"""
"""http://www.semanticweb.org/hust/master/2024/10/ontologies/smartphone.owl/device/Galaxy_Tab_S7_FE""","""Galaxy Tab S7 FE"""
"""http://www.semanticweb.org/hust/master/2024/10/ontologies/smartphone.owl/device/Galaxy_F52_5G""","""Galaxy F52 5G"""
"""http://www.semanticweb.org/hust/master/2024/10/ontologies/smartphone.owl/device/Galaxy_M42_5G""","""Galaxy M42 5G"""
"""http://www.semanticweb.org/hust/master/2024/10/ontologies/smartphone.owl/device/Galaxy_M12""","""Galaxy M12"""
"""http://www.semanticweb.org/hust/master/2024/10/ontologies/smartphone.owl/device/Galaxy_Quantum_2""","""Galaxy Quantum 2"""
"""http://www.semanticweb.org/hust/master/2024/10/ontologies/smartphone.owl/device/Galaxy_F12""","""Galaxy F12"""
"""http://www.semanticweb.org/hust/master/2024/10/ontologies/smartphone.owl/device/Galaxy_F02s""","""Galaxy F02s"""
"""http://www.semanticweb.org/hust/master/2024/10/ontologies/smartphone.owl/device/Galaxy_A72""","""Galaxy A72"""
"""http://www.semanticweb.org/hust/master/2024/10/ontologies/smartphone.owl/device/Galaxy_A52_5G""","""Galaxy A52 5G"""
"""http://www.semanticweb.org/hust/master/2024/10/ontologies/smartphone.owl/device/Galaxy_A52""","""Galaxy A52"""
"""http://www.semanticweb.org/hust/master/2024/10/ontologies/smartphone.owl/device/Galaxy_XCover_5""","""Galaxy XCover 5"""
"""http://www.semanticweb.org/hust/master/2024/10/ontologies/smartphone.owl/device/Galaxy_A32""","""Galaxy A32"""
"""http://www.semanticweb.org/hust/master/2024/10/ontologies/smartphone.owl/device/Galaxy_M62""","""Galaxy M62"""
"""http://www.semanticweb.org/hust/master/2024/10/ontologies/smartphone.owl/device/Galaxy_F62""","""Galaxy F62"""
"""http://www.semanticweb.org/hust/master/2024/10/ontologies/smartphone.owl/device/Galaxy_M12_India""","""Galaxy M12 (India)"""
"""http://www.semanticweb.org/hust/master/2024/10/ontologies/smartphone.owl/device/Galaxy_S21_Ultra_5G""","""Galaxy S21 Ultra 5G"""
"""http://www.semanticweb.org/hust/master/2024/10/ontologies/smartphone.owl/device/Galaxy_S21_5G""","""Galaxy S21+ 5G"""
"""http://www.semanticweb.org/hust/master/2024/10/ontologies/smartphone.owl/device/Galaxy_S21_5G""","""Galaxy S21 5G"""
"""http://www.semanticweb.org/hust/master/2024/10/ontologies/smartphone.owl/device/Galaxy_A32_5G""","""Galaxy A32 5G"""
"""http://www.semanticweb.org/hust/master/2024/10/ontologies/smartphone.owl/device/Galaxy_M02s""","""Galaxy M02s"""
"""http://www.semanticweb.org/hust/master/2024/10/ontologies/smartphone.owl/device/Galaxy_A12""","""Galaxy A12"""
"""http://www.semanticweb.org/hust/master/2024/10/ontologies/smartphone.owl/device/Galaxy_M02""","""Galaxy M02"""
"""http://www.semanticweb.org/hust/master/2024/10/ontologies/smartphone.owl/device/Galaxy_A02""","""Galaxy A02"""
"""http://www.semanticweb.org/hust/master/2024/10/ontologies/smartphone.owl/device/Galaxy_A02s""","""Galaxy A02s"""
"""http://www.semanticweb.org/hust/master/2024/10/ontologies/smartphone.owl/device/Galaxy_M21s""","""Galaxy M21s"""
"""http://www.semanticweb.org/hust/master/2024/10/ontologies/smartphone.owl/device/Galaxy_M31_Prime""","""Galaxy M31 Prime"""
"""http://www.semanticweb.org/hust/master/2024/10/ontologies/smartphone.owl/device/Galaxy_F41""","""Galaxy F41"""
"""http://www.semanticweb.org/hust/master/2024/10/ontologies/smartphone.owl/device/Galaxy_Tab_Active3""","""Galaxy Tab Active3"""
"""http://www.semanticweb.org/hust/master/2024/10/ontologies/smartphone.owl/device/Galaxy_S20_FE_5G""","""Galaxy S20 FE 5G"""
"""http://www.semanticweb.org/hust/master/2024/10/ontologies/smartphone.owl/device/Galaxy_S20_FE""","""Galaxy S20 FE"""
"""http://www.semanticweb.org/hust/master/2024/10/ontologies/smartphone.owl/device/Galaxy_A42_5G""","""Galaxy A42 5G"""
"""http://www.semanticweb.org/hust/master/2024/10/ontologies/smartphone.owl/device/Galaxy_Tab_A7_10_4_2020""","""Galaxy Tab A7 10.4 (2020)"""
"""http://www.semanticweb.org/hust/master/2024/10/ontologies/smartphone.owl/device/MatePad_12_X""","""MatePad 12 X"""
"""http://www.semanticweb.org/hust/master/2024/10/ontologies/smartphone.owl/device/Mate_XT_Ultimate""","""Mate XT Ultimate"""
"""http://www.semanticweb.org/hust/master/2024/10/ontologies/smartphone.owl/device/MatePad_Air_2024""","""MatePad Air (2024)"""
"""http://www.semanticweb.org/hust/master/2024/10/ontologies/smartphone.owl/device/MatePad_Pro_12_2_2024""","""MatePad Pro 12.2 (2024)"""
"""http://www.semanticweb.org/hust/master/2024/10/ontologies/smartphone.owl/device/nova_Flip""","""nova Flip"""
"""http://www.semanticweb.org/hust/master/2024/10/ontologies/smartphone.owl/device/MatePad_SE_11""","""MatePad SE 11"""
"""http://www.semanticweb.org/hust/master/2024/10/ontologies/smartphone.owl/device/MatePad_11_5_S""","""MatePad 11.5 S"""
"""http://www.semanticweb.org/hust/master/2024/10/ontologies/smartphone.owl/device/Pura_70_Ultra""","""Pura 70 Ultra"""
"""http://www.semanticweb.org/hust/master/2024/10/ontologies/smartphone.owl/device/Pura_70_Pro""","""Pura 70 Pro+"""
"""http://www.semanticweb.org/hust/master/2024/10/ontologies/smartphone.owl/device/Pura_70_Pro""","""Pura 70 Pro"""
"""http://www.semanticweb.org/hust/master/2024/10/ontologies/smartphone.owl/device/Pura_70""","""Pura 70"""
"""http://www.semanticweb.org/hust/master/2024/10/ontologies/smartphone.owl/device/nova_12i""","""nova 12i"""
"""http://www.semanticweb.org/hust/master/2024/10/ontologies/smartphone.owl/device/nova_12_SE""","""nova 12 SE"""
"""http://www.semanticweb.org/hust/master/2024/10/ontologies/smartphone.owl/device/nova_12s""","""nova 12s"""
"""http://www.semanticweb.org/hust/master/2024/10/ontologies/smartphone.owl/device/Pocket_2""","""Pocket 2"""
"""http://www.semanticweb.org/hust/master/2024/10/ontologies/smartphone.owl/device/Enjoy_70z""","""Enjoy 70z"""
"""http://www.semanticweb.org/hust/master/2024/10/ontologies/smartphone.owl/device/nova_Y72""","""nova Y72"""
"""http://www.semanticweb.org/hust/master/2024/10/ontologies/smartphone.owl/device/nova_12_Ultra""","""nova 12 Ultra"""
"""http://www.semanticweb.org/hust/master/2024/10/ontologies/smartphone.owl/device/nova_12_Pro""","""nova 12 Pro"""
"""http://www.semanticweb.org/hust/master/2024/10/ontologies/smartphone.owl/device/nova_12""","""nova 12"""
"""http://www.semanticweb.org/hust/master/2024/10/ontologies/smartphone.owl/device/nova_12_Lite""","""nova 12 Lite"""
"""http://www.semanticweb.org/hust/master/2024/10/ontologies/smartphone.owl/device/Enjoy_70""","""Enjoy 70"""
"""http://www.semanticweb.org/hust/master/2024/10/ontologies/smartphone.owl/device/MatePad_Pro_11_2024""","""MatePad Pro 11 (2024)"""
"""http://www.semanticweb.org/hust/master/2024/10/ontologies/smartphone.owl/device/nova_11_SE""","""nova 11 SE"""
"""http://www.semanticweb.org/hust/master/2024/10/ontologies/smartphone.owl/device/MatePad_Pro_13_2""","""MatePad Pro 13.2"""
"""http://www.semanticweb.org/hust/master/2024/10/ontologies/smartphone.owl/device/Mate_60_RS_Ultimate""","""Mate 60 RS Ultimate"""
"""http://www.semanticweb.org/hust/master/2024/10/ontologies/smartphone.owl/device/Mate_60_Pro""","""Mate 60 Pro+"""
"""http://www.semanticweb.org/hust/master/2024/10/ontologies/smartphone.owl/device/Mate_X5""","""Mate X5"""
"""http://www.semanticweb.org/hust/master/2024/10/ontologies/smartphone.owl/device/Mate_60_Pro""","""Mate 60 Pro"""
"""http://www.semanticweb.org/hust/master/2024/10/ontologies/smartphone.owl/device/Mate_60""","""Mate 60"""
"""http://www.semanticweb.org/hust/master/2024/10/ontologies/smartphone.owl/device/MatePad_11_5""","""MatePad 11.5"""
"""http://www.semanticweb.org/hust/master/2024/10/ontologies/smartphone.owl/device/MatePad_Air""","""MatePad Air"""
"""http://www.semanticweb.org/hust/master/2024/10/ontologies/smartphone.owl/device/nova_Y91""","""nova Y91"""
"""http://www.semanticweb.org/hust/master/2024/10/ontologies/smartphone.owl/device/nova_11i""","""nova 11i"""
"""http://www.semanticweb.org/hust/master/2024/10/ontologies/smartphone.owl/device/nova_Y71""","""nova Y71"""
"""http://www.semanticweb.org/hust/master/2024/10/ontologies/smartphone.owl/device/Enjoy_60X""","""Enjoy 60X"""
"""http://www.semanticweb.org/hust/master/2024/10/ontologies/smartphone.owl/device/nova_11_Ultra""","""nova 11 Ultra"""
"""http://www.semanticweb.org/hust/master/2024/10/ontologies/smartphone.owl/device/nova_11_Pro""","""nova 11 Pro"""
"""http://www.semanticweb.org/hust/master/2024/10/ontologies/smartphone.owl/device/nova_11""","""nova 11"""
"""http://www.semanticweb.org/hust/master/2024/10/ontologies/smartphone.owl/device/Mate_X3""","""Mate X3"""
"""http://www.semanticweb.org/hust/master/2024/10/ontologies/smartphone.owl/device/P60_Pro""","""P60 Pro"""
"""http://www.semanticweb.org/hust/master/2024/10/ontologies/smartphone.owl/device/P60""","""P60"""
"""http://www.semanticweb.org/hust/master/2024/10/ontologies/smartphone.owl/device/P60_Art""","""P60 Art"""
"""http://www.semanticweb.org/hust/master/2024/10/ontologies/smartphone.owl/device/Enjoy_60""","""Enjoy 60"""
"""http://www.semanticweb.org/hust/master/2024/10/ontologies/smartphone.owl/device/MatePad_11_2023""","""MatePad 11 (2023)"""
"""http://www.semanticweb.org/hust/master/2024/10/ontologies/smartphone.owl/device/nova_10_Youth""","""nova 10 Youth"""
"""http://www.semanticweb.org/hust/master/2024/10/ontologies/smartphone.owl/device/Enjoy_50z""","""Enjoy 50z"""
"""http://www.semanticweb.org/hust/master/2024/10/ontologies/smartphone.owl/device/Pocket_S""","""Pocket S"""
"""http://www.semanticweb.org/hust/master/2024/10/ontologies/smartphone.owl/device/nova_Y61""","""nova Y61"""
"""http://www.semanticweb.org/hust/master/2024/10/ontologies/smartphone.owl/device/MatePad_C5e""","""MatePad C5e"""
"""http://www.semanticweb.org/hust/master/2024/10/ontologies/smartphone.owl/device/nova_10_SE""","""nova 10 SE"""
"""http://www.semanticweb.org/hust/master/2024/10/ontologies/smartphone.owl/device/Mate_50_RS_Porsche_Design""","""Mate 50 RS Porsche Design"""
"""http://www.semanticweb.org/hust/master/2024/10/ontologies/smartphone.owl/device/Mate_50_Pro""","""Mate 50 Pro"""
"""http://www.semanticweb.org/hust/master/2024/10/ontologies/smartphone.owl/device/Mate_50E""","""Mate 50E"""
"""http://www.semanticweb.org/hust/master/2024/10/ontologies/smartphone.owl/device/Mate_50""","""Mate 50"""
"""http://www.semanticweb.org/hust/master/2024/10/ontologies/smartphone.owl/device/nova_10z""","""nova 10z"""
"""http://www.semanticweb.org/hust/master/2024/10/ontologies/smartphone.owl/device/MatePad_Pro_11_2022""","""MatePad Pro 11 (2022)"""
"""http://www.semanticweb.org/hust/master/2024/10/ontologies/smartphone.owl/device/nova_10_Pro""","""nova 10 Pro"""
"""http://www.semanticweb.org/hust/master/2024/10/ontologies/smartphone.owl/device/nova_10""","""nova 10"""
"""http://www.semanticweb.org/hust/master/2024/10/ontologies/smartphone.owl/device/nova_Y90""","""nova Y90"""
"""http://www.semanticweb.org/hust/master/2024/10/ontologies/smartphone.owl/device/MatePad_10_4_2022""","""MatePad 10.4 (2022)"""
"""http://www.semanticweb.org/hust/master/2024/10/ontologies/smartphone.owl/device/Mate_Xs_2""","""Mate Xs 2"""
"""http://www.semanticweb.org/hust/master/2024/10/ontologies/smartphone.owl/device/MatePad_SE""","""MatePad SE"""
"""http://www.semanticweb.org/hust/master/2024/10/ontologies/smartphone.owl/device/nova_9_SE_5G""","""nova 9 SE 5G"""
"""http://www.semanticweb.org/hust/master/2024/10/ontologies/smartphone.owl/device/nova_Y70_Plus""","""nova Y70 Plus"""
"""http://www.semanticweb.org/hust/master/2024/10/ontologies/smartphone.owl/device/P50E""","""P50E"""
"""http://www.semanticweb.org/hust/master/2024/10/ontologies/smartphone.owl/device/nova_9_SE""","""nova 9 SE"""
"""http://www.semanticweb.org/hust/master/2024/10/ontologies/smartphone.owl/device/P50_Pocket""","""P50 Pocket"""
"""http://www.semanticweb.org/hust/master/2024/10/ontologies/smartphone.owl/device/nova_8_SE_4G""","""nova 8 SE 4G"""
"""http://www.semanticweb.org/hust/master/2024/10/ontologies/smartphone.owl/device/nova_Y60""","""nova Y60"""
"""http://www.semanticweb.org/hust/master/2024/10/ontologies/smartphone.owl/device/Enjoy_20e""","""Enjoy 20e"""
"""http://www.semanticweb.org/hust/master/2024/10/ontologies/smartphone.owl/device/nova_9_Pro""","""nova 9 Pro"""
"""http://www.semanticweb.org/hust/master/2024/10/ontologies/smartphone.owl/device/nova_9""","""nova 9"""
"""http://www.semanticweb.org/hust/master/2024/10/ontologies/smartphone.owl/device/nova_8""","""nova 8"""
"""http://www.semanticweb.org/hust/master/2024/10/ontologies/smartphone.owl/device/P50_Pro""","""P50 Pro"""
"""http://www.semanticweb.org/hust/master/2024/10/ontologies/smartphone.owl/device/P50""","""P50"""
"""http://www.semanticweb.org/hust/master/2024/10/ontologies/smartphone.owl/device/nova_8_SE_Youth""","""nova 8 SE Youth"""
"""http://www.semanticweb.org/hust/master/2024/10/ontologies/smartphone.owl/device/nova_8i""","""nova 8i"""
"""http://www.semanticweb.org/hust/master/2024/10/ontologies/smartphone.owl/device/Mate_40_Pro_4G""","""Mate 40 Pro 4G"""
"""http://www.semanticweb.org/hust/master/2024/10/ontologies/smartphone.owl/device/Mate_40E_4G""","""Mate 40E 4G"""
"""http://www.semanticweb.org/hust/master/2024/10/ontologies/smartphone.owl/device/Mate_X2_4G""","""Mate X2 4G"""
"""http://www.semanticweb.org/hust/master/2024/10/ontologies/smartphone.owl/device/MatePad_Pro_12_6_2021""","""MatePad Pro 12.6 (2021)"""
"""http://www.semanticweb.org/hust/master/2024/10/ontologies/smartphone.owl/device/MatePad_Pro_10_8_2021""","""MatePad Pro 10.8 (2021)"""
"""http://www.semanticweb.org/hust/master/2024/10/ontologies/smartphone.owl/device/MatePad_11_2021""","""MatePad 11 (2021)"""
"""http://www.semanticweb.org/hust/master/2024/10/ontologies/smartphone.owl/device/nova_8_Pro_4G""","""nova 8 Pro 4G"""
"""http://www.semanticweb.org/hust/master/2024/10/ontologies/smartphone.owl/device/MatePad_T_10""","""MatePad T 10"""
"""http://www.semanticweb.org/hust/master/2024/10/ontologies/smartphone.owl/device/Mate_40E""","""Mate 40E"""
"""http://www.semanticweb.org/hust/master/2024/10/ontologies/smartphone.owl/device/P40_4G""","""P40 4G"""
"""http://www.semanticweb.org/hust/master/2024/10/ontologies/smartphone.owl/device/Mate_X2""","""Mate X2"""
"""http://www.semanticweb.org/hust/master/2024/10/ontologies/smartphone.owl/device/nova_8_Pro_5G""","""nova 8 Pro 5G"""
"""http://www.semanticweb.org/hust/master/2024/10/ontologies/smartphone.owl/device/nova_8_5G""","""nova 8 5G"""
"""http://www.semanticweb.org/hust/master/2024/10/ontologies/smartphone.owl/device/Enjoy_20_SE""","""Enjoy 20 SE"""
"""http://www.semanticweb.org/hust/master/2024/10/ontologies/smartphone.owl/device/nova_8_SE""","""nova 8 SE"""
"""http://www.semanticweb.org/hust/master/2024/10/ontologies/smartphone.owl/device/Mate_40_RS_Porsche_Design""","""Mate 40 RS Porsche Design"""
"""http://www.semanticweb.org/hust/master/2024/10/ontologies/smartphone.owl/device/Mate_40_Pro""","""Mate 40 Pro+"""
"""http://www.semanticweb.org/hust/master/2024/10/ontologies/smartphone.owl/device/Mate_40_Pro""","""Mate 40 Pro"""
"""http://www.semanticweb.org/hust/master/2024/10/ontologies/smartphone.owl/device/Mate_40""","""Mate 40"""
"""http://www.semanticweb.org/hust/master/2024/10/ontologies/smartphone.owl/device/Mate_30E_Pro_5G""","""Mate 30E Pro 5G"""
"""http://www.semanticweb.org/hust/master/2024/10/ontologies/smartphone.owl/device/nova_7_SE_5G_Youth""","""nova 7 SE 5G Youth"""
"""http://www.semanticweb.org/hust/master/2024/10/ontologies/smartphone.owl/device/Y7a""","""Y7a"""
"""http://www.semanticweb.org/hust/master/2024/10/ontologies/smartphone.owl/device/P_smart_2021""","""P smart 2021"""
"""http://www.semanticweb.org/hust/master/2024/10/ontologies/smartphone.owl/device/MatePad_5G""","""MatePad 5G"""
"""http://www.semanticweb.org/hust/master/2024/10/ontologies/smartphone.owl/device/Y9a""","""Y9a"""
"""http://www.semanticweb.org/hust/master/2024/10/ontologies/smartphone.owl/device/Enjoy_20_Plus_5G""","""Enjoy 20 Plus 5G"""
"""http://www.semanticweb.org/hust/master/2024/10/ontologies/smartphone.owl/device/Enjoy_20_5G""","""Enjoy 20 5G"""
"""http://www.semanticweb.org/hust/master/2024/10/ontologies/smartphone.owl/device/MatePad_10_8""","""MatePad 10.8"""
"""http://www.semanticweb.org/hust/master/2024/10/ontologies/smartphone.owl/device/MatePad_T_10s""","""MatePad T 10s"""
"""http://www.semanticweb.org/hust/master/2024/10/ontologies/smartphone.owl/device/Enjoy_Tablet_2""","""Enjoy Tablet 2"""
"""http://www.semanticweb.org/hust/master/2024/10/ontologies/smartphone.owl/device/Enjoy_20_Pro""","""Enjoy 20 Pro"""
"""http://www.semanticweb.org/hust/master/2024/10/ontologies/smartphone.owl/device/Enjoy_Z_5G""","""Enjoy Z 5G"""
"""http://www.semanticweb.org/hust/master/2024/10/ontologies/smartphone.owl/device/P_Smart_S""","""P Smart S"""
"""http://www.semanticweb.org/hust/master/2024/10/ontologies/smartphone.owl/device/Y8p""","""Y8p"""
"""http://www.semanticweb.org/hust/master/2024/10/ontologies/smartphone.owl/device/P40_lite_5G""","""P40 lite 5G"""
"""http://www.semanticweb.org/hust/master/2024/10/ontologies/smartphone.owl/device/P30_Pro_New_Edition""","""P30 Pro New Edition"""
"""http://www.semanticweb.org/hust/master/2024/10/ontologies/smartphone.owl/device/MatePad_T8""","""MatePad T8"""
"""http://www.semanticweb.org/hust/master/2024/10/ontologies/smartphone.owl/device/Y8s""","""Y8s"""
"""http://www.semanticweb.org/hust/master/2024/10/ontologies/smartphone.owl/device/Y6p""","""Y6p"""
"""http://www.semanticweb.org/hust/master/2024/10/ontologies/smartphone.owl/device/Y5p""","""Y5p"""
"""http://www.semanticweb.org/hust/master/2024/10/ontologies/smartphone.owl/device/P_smart_2020""","""P smart 2020"""
"""http://www.semanticweb.org/hust/master/2024/10/ontologies/smartphone.owl/device/nova_7_Pro_5G""","""nova 7 Pro 5G"""
"""http://www.semanticweb.org/hust/master/2024/10/ontologies/smartphone.owl/device/nova_7_5G""","""nova 7 5G"""
"""http://www.semanticweb.org/hust/master/2024/10/ontologies/smartphone.owl/device/nova_7_SE""","""nova 7 SE"""
"""http://www.semanticweb.org/hust/master/2024/10/ontologies/smartphone.owl/device/MatePad_10_4""","""MatePad 10.4"""
"""http://www.semanticweb.org/hust/master/2024/10/ontologies/smartphone.owl/device/Enjoy_10e""","""Enjoy 10e"""
"""http://www.semanticweb.org/hust/master/2024/10/ontologies/smartphone.owl/device/P40_Pro""","""P40 Pro+"""
"""http://www.semanticweb.org/hust/master/2024/10/ontologies/smartphone.owl/device/Ultra_Tab""","""Ultra Tab"""
"""http://www.semanticweb.org/hust/master/2024/10/ontologies/smartphone.owl/device/W41_Pro""","""W41 Pro"""
"""http://www.semanticweb.org/hust/master/2024/10/ontologies/smartphone.owl/device/W41""","""W41+"""
"""http://www.semanticweb.org/hust/master/2024/10/ontologies/smartphone.owl/device/W41""","""W41"""
"""http://www.semanticweb.org/hust/master/2024/10/ontologies/smartphone.owl/device/W31""","""W31+"""
"""http://www.semanticweb.org/hust/master/2024/10/ontologies/smartphone.owl/device/W31""","""W31"""
"""http://www.semanticweb.org/hust/master/2024/10/ontologies/smartphone.owl/device/W11""","""W11"""
"""http://www.semanticweb.org/hust/master/2024/10/ontologies/smartphone.owl/device/K92_5G""","""K92 5G"""
"""http://www.semanticweb.org/hust/master/2024/10/ontologies/smartphone.owl/device/K62""","""K62"""
"""http://www.semanticweb.org/hust/master/2024/10/ontologies/smartphone.owl/device/Q52""","""Q52"""
"""http://www.semanticweb.org/hust/master/2024/10/ontologies/smartphone.owl/device/K52""","""K52"""
"""http://www.semanticweb.org/hust/master/2024/10/ontologies/smartphone.owl/device/K42""","""K42"""
"""http://www.semanticweb.org/hust/master/2024/10/ontologies/smartphone.owl/device/K71""","""K71"""
"""http://www.semanticweb.org/hust/master/2024/10/ontologies/smartphone.owl/device/Wing_5G""","""Wing 5G"""
"""http://www.semanticweb.org/hust/master/2024/10/ontologies/smartphone.owl/device/K22""","""K22"""
"""http://www.semanticweb.org/hust/master/2024/10/ontologies/smartphone.owl/device/Q92_5G""","""Q92 5G"""
"""http://www.semanticweb.org/hust/master/2024/10/ontologies/smartphone.owl/device/Q31""","""Q31"""
"""http://www.semanticweb.org/hust/master/2024/10/ontologies/smartphone.owl/device/K31""","""K31"""
"""http://www.semanticweb.org/hust/master/2024/10/ontologies/smartphone.owl/device/Velvet_5G_UW""","""Velvet 5G UW"""
"""http://www.semanticweb.org/hust/master/2024/10/ontologies/smartphone.owl/device/Q61""","""Q61"""
"""http://www.semanticweb.org/hust/master/2024/10/ontologies/smartphone.owl/device/Stylo_6""","""Stylo 6"""
"""http://www.semanticweb.org/hust/master/2024/10/ontologies/smartphone.owl/device/Velvet""","""Velvet"""
"""http://www.semanticweb.org/hust/master/2024/10/ontologies/smartphone.owl/device/Velvet_5G""","""Velvet 5G"""
"""http://www.semanticweb.org/hust/master/2024/10/ontologies/smartphone.owl/device/Folder_2""","""Folder 2"""
"""http://www.semanticweb.org/hust/master/2024/10/ontologies/smartphone.owl/device/V60_ThinQ_5G_UW""","""V60 ThinQ 5G UW"""
"""http://www.semanticweb.org/hust/master/2024/10/ontologies/smartphone.owl/device/V60_ThinQ_5G""","""V60 ThinQ 5G"""
"""http://www.semanticweb.org/hust/master/2024/10/ontologies/smartphone.owl/device/Q51""","""Q51"""
"""http://www.semanticweb.org/hust/master/2024/10/ontologies/smartphone.owl/device/W10_Alpha""","""W10 Alpha"""
"""http://www.semanticweb.org/hust/master/2024/10/ontologies/smartphone.owl/device/K61""","""K61"""
"""http://www.semanticweb.org/hust/master/2024/10/ontologies/smartphone.owl/device/K51S""","""K51S"""
"""http://www.semanticweb.org/hust/master/2024/10/ontologies/smartphone.owl/device/K41S""","""K41S"""
"""http://www.semanticweb.org/hust/master/2024/10/ontologies/smartphone.owl/device/G_Pad_5_10_1""","""G Pad 5 10.1"""
"""http://www.semanticweb.org/hust/master/2024/10/ontologies/smartphone.owl/device/V50S_ThinQ_5G""","""V50S ThinQ 5G"""
"""http://www.semanticweb.org/hust/master/2024/10/ontologies/smartphone.owl/device/G8X_ThinQ""","""G8X ThinQ"""
"""http://www.semanticweb.org/hust/master/2024/10/ontologies/smartphone.owl/device/Q70""","""Q70"""
"""http://www.semanticweb.org/hust/master/2024/10/ontologies/smartphone.owl/device/K30_2019""","""K30 (2019)"""
"""http://www.semanticweb.org/hust/master/2024/10/ontologies/smartphone.owl/device/K20_2019""","""K20 (2019)"""
"""http://www.semanticweb.org/hust/master/2024/10/ontologies/smartphone.owl/device/K40S""","""K40S"""
"""http://www.semanticweb.org/hust/master/2024/10/ontologies/smartphone.owl/device/K50S""","""K50S"""
"""http://www.semanticweb.org/hust/master/2024/10/ontologies/smartphone.owl/device/W30_Pro""","""W30 Pro"""
"""http://www.semanticweb.org/hust/master/2024/10/ontologies/smartphone.owl/device/W30""","""W30"""
"""http://www.semanticweb.org/hust/master/2024/10/ontologies/smartphone.owl/device/W10""","""W10"""
"""http://www.semanticweb.org/hust/master/2024/10/ontologies/smartphone.owl/device/Stylo_5""","""Stylo 5"""
"""http://www.semanticweb.org/hust/master/2024/10/ontologies/smartphone.owl/device/V50_ThinQ_5G""","""V50 ThinQ 5G"""
"""http://www.semanticweb.org/hust/master/2024/10/ontologies/smartphone.owl/device/G8S_ThinQ""","""G8S ThinQ"""
"""http://www.semanticweb.org/hust/master/2024/10/ontologies/smartphone.owl/device/G8_ThinQ""","""G8 ThinQ"""
"""http://www.semanticweb.org/hust/master/2024/10/ontologies/smartphone.owl/device/Q60""","""Q60"""
"""http://www.semanticweb.org/hust/master/2024/10/ontologies/smartphone.owl/device/K50""","""K50"""
"""http://www.semanticweb.org/hust/master/2024/10/ontologies/smartphone.owl/device/K40""","""K40"""
"""http://www.semanticweb.org/hust/master/2024/10/ontologies/smartphone.owl/device/Q9""","""Q9"""
"""http://www.semanticweb.org/hust/master/2024/10/ontologies/smartphone.owl/device/V40_ThinQ""","""V40 ThinQ"""
"""http://www.semanticweb.org/hust/master/2024/10/ontologies/smartphone.owl/device/Tribute_Empire""","""Tribute Empire"""
"""http://www.semanticweb.org/hust/master/2024/10/ontologies/smartphone.owl/device/Candy""","""Candy"""
"""http://www.semanticweb.org/hust/master/2024/10/ontologies/smartphone.owl/device/G7_Fit""","""G7 Fit"""
"""http://www.semanticweb.org/hust/master/2024/10/ontologies/smartphone.owl/device/G7_One""","""G7 One"""
"""http://www.semanticweb.org/hust/master/2024/10/ontologies/smartphone.owl/device/Q8_2018""","""Q8 (2018)"""
"""http://www.semanticweb.org/hust/master/2024/10/ontologies/smartphone.owl/device/K11_Plus""","""K11 Plus"""
"""http://www.semanticweb.org/hust/master/2024/10/ontologies/smartphone.owl/device/Q_Stylo_4""","""Q Stylo 4"""
"""http://www.semanticweb.org/hust/master/2024/10/ontologies/smartphone.owl/device/Q_Stylus""","""Q Stylus"""
"""http://www.semanticweb.org/hust/master/2024/10/ontologies/smartphone.owl/device/V35_ThinQ""","""V35 ThinQ"""
"""http://www.semanticweb.org/hust/master/2024/10/ontologies/smartphone.owl/device/Q7""","""Q7"""
"""http://www.semanticweb.org/hust/master/2024/10/ontologies/smartphone.owl/device/G7_ThinQ""","""G7 ThinQ"""
"""http://www.semanticweb.org/hust/master/2024/10/ontologies/smartphone.owl/device/V30S_ThinQ""","""V30S ThinQ"""
"""http://www.semanticweb.org/hust/master/2024/10/ontologies/smartphone.owl/device/Zone_4""","""Zone 4"""
"""http://www.semanticweb.org/hust/master/2024/10/ontologies/smartphone.owl/device/X_power_3""","""X power 3"""
"""http://www.semanticweb.org/hust/master/2024/10/ontologies/smartphone.owl/device/K30""","""K30"""
"""http://www.semanticweb.org/hust/master/2024/10/ontologies/smartphone.owl/device/K10_2018""","""K10 (2018)"""
"""http://www.semanticweb.org/hust/master/2024/10/ontologies/smartphone.owl/device/K8_2018""","""K8 (2018)"""
"""http://www.semanticweb.org/hust/master/2024/10/ontologies/smartphone.owl/device/Aristo_2""","""Aristo 2"""
"""http://www.semanticweb.org/hust/master/2024/10/ontologies/smartphone.owl/device/X4""","""X4+"""
"""http://www.semanticweb.org/hust/master/2024/10/ontologies/smartphone.owl/device/V30""","""V30"""
"""http://www.semanticweb.org/hust/master/2024/10/ontologies/smartphone.owl/device/Q8_2017""","""Q8 (2017)"""
"""http://www.semanticweb.org/hust/master/2024/10/ontologies/smartphone.owl/device/Q6""","""Q6"""
"""http://www.semanticweb.org/hust/master/2024/10/ontologies/smartphone.owl/device/G_Pad_IV_8_0_FHD""","""G Pad IV 8.0 FHD"""
"""http://www.semanticweb.org/hust/master/2024/10/ontologies/smartphone.owl/device/X_venture""","""X venture"""
"""http://www.semanticweb.org/hust/master/2024/10/ontologies/smartphone.owl/device/G6""","""G6"""
"""http://www.semanticweb.org/hust/master/2024/10/ontologies/smartphone.owl/device/X_power2""","""X power2"""
"""http://www.semanticweb.org/hust/master/2024/10/ontologies/smartphone.owl/device/Stylo_3_Plus""","""Stylo 3 Plus"""
"""http://www.semanticweb.org/hust/master/2024/10/ontologies/smartphone.owl/device/Stylus_3""","""Stylus 3"""
"""http://www.semanticweb.org/hust/master/2024/10/ontologies/smartphone.owl/device/Harmony""","""Harmony"""
"""http://www.semanticweb.org/hust/master/2024/10/ontologies/smartphone.owl/device/K20_plus""","""K20 plus"""
"""http://www.semanticweb.org/hust/master/2024/10/ontologies/smartphone.owl/device/K10_2017""","""K10 (2017)"""
"""http://www.semanticweb.org/hust/master/2024/10/ontologies/smartphone.owl/device/K8_2017""","""K8 (2017)"""
"""http://www.semanticweb.org/hust/master/2024/10/ontologies/smartphone.owl/device/K7_2017""","""K7 (2017)"""
"""http://www.semanticweb.org/hust/master/2024/10/ontologies/smartphone.owl/device/K4_2017""","""K4 (2017)"""
"""http://www.semanticweb.org/hust/master/2024/10/ontologies/smartphone.owl/device/K3_2017""","""K3 (2017)"""
"""http://www.semanticweb.org/hust/master/2024/10/ontologies/smartphone.owl/device/G_Pad_III_10_1_FHD""","""G Pad III 10.1 FHD"""
"""http://www.semanticweb.org/hust/master/2024/10/ontologies/smartphone.owl/device/U""","""U"""
"""http://www.semanticweb.org/hust/master/2024/10/ontologies/smartphone.owl/device/V20""","""V20"""
"""http://www.semanticweb.org/hust/master/2024/10/ontologies/smartphone.owl/device/X_Skin""","""X Skin"""
"""http://www.semanticweb.org/hust/master/2024/10/ontologies/smartphone.owl/device/X5""","""X5"""
"""http://www.semanticweb.org/hust/master/2024/10/ontologies/smartphone.owl/device/X_max""","""X max"""
"""http://www.semanticweb.org/hust/master/2024/10/ontologies/smartphone.owl/device/X_mach""","""X mach"""
"""http://www.semanticweb.org/hust/master/2024/10/ontologies/smartphone.owl/device/G_Pad_III_8_0_FHD""","""G Pad III 8.0 FHD"""
"""http://www.semanticweb.org/hust/master/2024/10/ontologies/smartphone.owl/device/G_Pad_X_8_0""","""G Pad X 8.0"""
"""http://www.semanticweb.org/hust/master/2024/10/ontologies/smartphone.owl/device/X_power""","""X power"""
"""http://www.semanticweb.org/hust/master/2024/10/ontologies/smartphone.owl/device/X_style""","""X style"""
"""http://www.semanticweb.org/hust/master/2024/10/ontologies/smartphone.owl/device/Stylus_2_Plus""","""Stylus 2 Plus"""
"""http://www.semanticweb.org/hust/master/2024/10/ontologies/smartphone.owl/device/Stylo_2""","""Stylo 2"""
"""http://www.semanticweb.org/hust/master/2024/10/ontologies/smartphone.owl/device/K5""","""K5"""
"""http://www.semanticweb.org/hust/master/2024/10/ontologies/smartphone.owl/device/K3""","""K3"""
"""http://www.semanticweb.org/hust/master/2024/10/ontologies/smartphone.owl/device/G5_SE""","""G5 SE"""
"""http://www.semanticweb.org/hust/master/2024/10/ontologies/smartphone.owl/device/G5""","""G5"""
"""http://www.semanticweb.org/hust/master/2024/10/ontologies/smartphone.owl/device/X_cam""","""X cam"""
"""http://www.semanticweb.org/hust/master/2024/10/ontologies/smartphone.owl/device/X_screen""","""X screen"""
"""http://www.semanticweb.org/hust/master/2024/10/ontologies/smartphone.owl/device/K8""","""K8"""
"""http://www.semanticweb.org/hust/master/2024/10/ontologies/smartphone.owl/device/Stylus_2""","""Stylus 2"""
"""http://www.semanticweb.org/hust/master/2024/10/ontologies/smartphone.owl/device/K10""","""K10"""
"""http://www.semanticweb.org/hust/master/2024/10/ontologies/smartphone.owl/device/K7""","""K7"""
"""http://www.semanticweb.org/hust/master/2024/10/ontologies/smartphone.owl/device/K4""","""K4"""
"""http://www.semanticweb.org/hust/master/2024/10/ontologies/smartphone.owl/device/G_Pad_II_8_3_LTE""","""G Pad II 8.3 LTE"""
"""http://www.semanticweb.org/hust/master/2024/10/ontologies/smartphone.owl/device/Ray""","""Ray"""
"""http://www.semanticweb.org/hust/master/2024/10/ontologies/smartphone.owl/device/G_Vista_2""","""G Vista 2"""
"""http://www.semanticweb.org/hust/master/2024/10/ontologies/smartphone.owl/device/V10""","""V10"""
"""http://www.semanticweb.org/hust/master/2024/10/ontologies/smartphone.owl/device/Nexus_5X""","""Nexus 5X"""
"""http://www.semanticweb.org/hust/master/2024/10/ontologies/smartphone.owl/device/Zero""","""Zero"""
"""http://www.semanticweb.org/hust/master/2024/10/ontologies/smartphone.owl/device/G_Pad_II_10_1""","""G Pad II 10.1"""
"""http://www.semanticweb.org/hust/master/2024/10/ontologies/smartphone.owl/device/G_Pad_II_8_0_LTE""","""G Pad II 8.0 LTE"""
"""http://www.semanticweb.org/hust/master/2024/10/ontologies/smartphone.owl/device/Wine_Smart""","""Wine Smart"""
"""http://www.semanticweb.org/hust/master/2024/10/ontologies/smartphone.owl/device/Tribute_2""","""Tribute 2"""
"""http://www.semanticweb.org/hust/master/2024/10/ontologies/smartphone.owl/device/Bello_II""","""Bello II"""
"""http://www.semanticweb.org/hust/master/2024/10/ontologies/smartphone.owl/device/G4_Beat""","""G4 Beat"""
"""http://www.semanticweb.org/hust/master/2024/10/ontologies/smartphone.owl/device/G360""","""G360"""
"""http://www.semanticweb.org/hust/master/2024/10/ontologies/smartphone.owl/device/G350""","""G350"""
"""http://www.semanticweb.org/hust/master/2024/10/ontologies/smartphone.owl/device/G4c""","""G4c"""
"""http://www.semanticweb.org/hust/master/2024/10/ontologies/smartphone.owl/device/G4_Dual""","""G4 Dual"""
"""http://www.semanticweb.org/hust/master/2024/10/ontologies/smartphone.owl/device/G4""","""G4"""
"""http://www.semanticweb.org/hust/master/2024/10/ontologies/smartphone.owl/device/G_Stylo""","""G Stylo"""
"""http://www.semanticweb.org/hust/master/2024/10/ontologies/smartphone.owl/device/G4_Stylus""","""G4 Stylus"""
"""http://www.semanticweb.org/hust/master/2024/10/ontologies/smartphone.owl/device/AKA""","""AKA"""
"""http://www.semanticweb.org/hust/master/2024/10/ontologies/smartphone.owl/device/Magna""","""Magna"""
"""http://www.semanticweb.org/hust/master/2024/10/ontologies/smartphone.owl/device/Spirit""","""Spirit"""
"""http://www.semanticweb.org/hust/master/2024/10/ontologies/smartphone.owl/device/Leon""","""Leon"""
"""http://www.semanticweb.org/hust/master/2024/10/ontologies/smartphone.owl/device/Joy""","""Joy"""
"""http://www.semanticweb.org/hust/master/2024/10/ontologies/smartphone.owl/device/G_Flex2""","""G Flex2"""
"""http://www.semanticweb.org/hust/master/2024/10/ontologies/smartphone.owl/device/Tribute""","""Tribute"""
"""http://www.semanticweb.org/hust/master/2024/10/ontologies/smartphone.owl/device/L_Prime""","""L Prime"""
"""http://www.semanticweb.org/hust/master/2024/10/ontologies/smartphone.owl/device/G2_Lite""","""G2 Lite"""
"""http://www.semanticweb.org/hust/master/2024/10/ontologies/smartphone.owl/device/G3_Dual_LTE""","""G3 Dual-LTE"""
"""http://www.semanticweb.org/hust/master/2024/10/ontologies/smartphone.owl/device/G3_Screen""","""G3 Screen"""
"""http://www.semanticweb.org/hust/master/2024/10/ontologies/smartphone.owl/device/F60""","""F60"""
"""http://www.semanticweb.org/hust/master/2024/10/ontologies/smartphone.owl/device/L60""","""L60"""
"""http://www.semanticweb.org/hust/master/2024/10/ontologies/smartphone.owl/device/105_2024""","""105 (2024)"""
"""http://www.semanticweb.org/hust/master/2024/10/ontologies/smartphone.owl/device/220_4G_2024""","""220 4G (2024)"""
"""http://www.semanticweb.org/hust/master/2024/10/ontologies/smartphone.owl/device/3210""","""3210"""
"""http://www.semanticweb.org/hust/master/2024/10/ontologies/smartphone.owl/device/235_4G_2024""","""235 4G (2024)"""
"""http://www.semanticweb.org/hust/master/2024/10/ontologies/smartphone.owl/device/225_4G_2024""","""225 4G (2024)"""
"""http://www.semanticweb.org/hust/master/2024/10/ontologies/smartphone.owl/device/215_4G_2024""","""215 4G (2024)"""
"""http://www.semanticweb.org/hust/master/2024/10/ontologies/smartphone.owl/device/6310_2024""","""6310 (2024)"""
"""http://www.semanticweb.org/hust/master/2024/10/ontologies/smartphone.owl/device/5310_2024""","""5310 (2024)"""
"""http://www.semanticweb.org/hust/master/2024/10/ontologies/smartphone.owl/device/230_2024""","""230 (2024)"""
"""http://www.semanticweb.org/hust/master/2024/10/ontologies/smartphone.owl/device/C210""","""C210"""
"""http://www.semanticweb.org/hust/master/2024/10/ontologies/smartphone.owl/device/G310""","""G310"""
"""http://www.semanticweb.org/hust/master/2024/10/ontologies/smartphone.owl/device/150_2023""","""150 (2023)"""
"""http://www.semanticweb.org/hust/master/2024/10/ontologies/smartphone.owl/device/130_2023""","""130 (2023)"""
"""http://www.semanticweb.org/hust/master/2024/10/ontologies/smartphone.owl/device/G42""","""G42"""
"""http://www.semanticweb.org/hust/master/2024/10/ontologies/smartphone.owl/device/C300""","""C300"""
"""http://www.semanticweb.org/hust/master/2024/10/ontologies/smartphone.owl/device/C110""","""C110"""
"""http://www.semanticweb.org/hust/master/2024/10/ontologies/smartphone.owl/device/110_4G_2023""","""110 4G (2023)"""
"""http://www.semanticweb.org/hust/master/2024/10/ontologies/smartphone.owl/device/110_2023""","""110 (2023)"""
"""http://www.semanticweb.org/hust/master/2024/10/ontologies/smartphone.owl/device/106_4G_2023""","""106 4G (2023)"""
"""http://www.semanticweb.org/hust/master/2024/10/ontologies/smartphone.owl/device/106_2023""","""106 (2023)"""
"""http://www.semanticweb.org/hust/master/2024/10/ontologies/smartphone.owl/device/105_4G_2023""","""105 4G (2023)"""
"""http://www.semanticweb.org/hust/master/2024/10/ontologies/smartphone.owl/device/105_2023""","""105 (2023)"""
"""http://www.semanticweb.org/hust/master/2024/10/ontologies/smartphone.owl/device/XR21""","""XR21"""
"""http://www.semanticweb.org/hust/master/2024/10/ontologies/smartphone.owl/device/C12_Plus""","""C12 Plus"""
"""http://www.semanticweb.org/hust/master/2024/10/ontologies/smartphone.owl/device/C12_Pro""","""C12 Pro"""
"""http://www.semanticweb.org/hust/master/2024/10/ontologies/smartphone.owl/device/C32""","""C32"""
"""http://www.semanticweb.org/hust/master/2024/10/ontologies/smartphone.owl/device/C22""","""C22"""
"""http://www.semanticweb.org/hust/master/2024/10/ontologies/smartphone.owl/device/G22""","""G22"""
"""http://www.semanticweb.org/hust/master/2024/10/ontologies/smartphone.owl/device/C02""","""C02"""
"""http://www.semanticweb.org/hust/master/2024/10/ontologies/smartphone.owl/device/C12""","""C12"""
"""http://www.semanticweb.org/hust/master/2024/10/ontologies/smartphone.owl/device/2780_Flip""","""2780 Flip"""
"""http://www.semanticweb.org/hust/master/2024/10/ontologies/smartphone.owl/device/X30""","""X30"""
"""http://www.semanticweb.org/hust/master/2024/10/ontologies/smartphone.owl/device/G100""","""G100"""
"""http://www.semanticweb.org/hust/master/2024/10/ontologies/smartphone.owl/device/G60""","""G60"""
"""http://www.semanticweb.org/hust/master/2024/10/ontologies/smartphone.owl/device/C31""","""C31"""
"""http://www.semanticweb.org/hust/master/2024/10/ontologies/smartphone.owl/device/T21""","""T21"""
"""http://www.semanticweb.org/hust/master/2024/10/ontologies/smartphone.owl/device/G400""","""G400"""
"""http://www.semanticweb.org/hust/master/2024/10/ontologies/smartphone.owl/device/110_2022""","""110 (2022)"""
"""http://www.semanticweb.org/hust/master/2024/10/ontologies/smartphone.owl/device/8210_4G""","""8210 4G"""
"""http://www.semanticweb.org/hust/master/2024/10/ontologies/smartphone.owl/device/5710_XpressAudio""","""5710 XpressAudio"""
"""http://www.semanticweb.org/hust/master/2024/10/ontologies/smartphone.owl/device/2760_Flip""","""2760 Flip"""
"""http://www.semanticweb.org/hust/master/2024/10/ontologies/smartphone.owl/device/2660_Flip""","""2660 Flip"""
"""http://www.semanticweb.org/hust/master/2024/10/ontologies/smartphone.owl/device/T10""","""T10"""
"""http://www.semanticweb.org/hust/master/2024/10/ontologies/smartphone.owl/device/G11_Plus""","""G11 Plus"""
"""http://www.semanticweb.org/hust/master/2024/10/ontologies/smartphone.owl/device/C200""","""C200"""
"""http://www.semanticweb.org/hust/master/2024/10/ontologies/smartphone.owl/device/C100""","""C100"""
"""http://www.semanticweb.org/hust/master/2024/10/ontologies/smartphone.owl/device/C21_Plus""","""C21 Plus"""
"""http://www.semanticweb.org/hust/master/2024/10/ontologies/smartphone.owl/device/C21""","""C21"""
"""http://www.semanticweb.org/hust/master/2024/10/ontologies/smartphone.owl/device/105_2022""","""105+ (2022)"""
"""http://www.semanticweb.org/hust/master/2024/10/ontologies/smartphone.owl/device/105_2022""","""105 (2022)"""
"""http://www.semanticweb.org/hust/master/2024/10/ontologies/smartphone.owl/device/C2_2nd_Edition""","""C2 2nd Edition"""
"""http://www.semanticweb.org/hust/master/2024/10/ontologies/smartphone.owl/device/G11""","""G11"""
"""http://www.semanticweb.org/hust/master/2024/10/ontologies/smartphone.owl/device/G21""","""G21"""
"""http://www.semanticweb.org/hust/master/2024/10/ontologies/smartphone.owl/device/X100""","""X100"""
"""http://www.semanticweb.org/hust/master/2024/10/ontologies/smartphone.owl/device/G300""","""G300"""
"""http://www.semanticweb.org/hust/master/2024/10/ontologies/smartphone.owl/device/T20""","""T20"""
"""http://www.semanticweb.org/hust/master/2024/10/ontologies/smartphone.owl/device/G50""","""G50"""
"""http://www.semanticweb.org/hust/master/2024/10/ontologies/smartphone.owl/device/XR20""","""XR20"""
"""http://www.semanticweb.org/hust/master/2024/10/ontologies/smartphone.owl/device/C30""","""C30"""
"""http://www.semanticweb.org/hust/master/2024/10/ontologies/smartphone.owl/device/6310_2021""","""6310 (2021)"""
"""http://www.semanticweb.org/hust/master/2024/10/ontologies/smartphone.owl/device/C1_2nd_Edition""","""C1 2nd Edition"""
"""http://www.semanticweb.org/hust/master/2024/10/ontologies/smartphone.owl/device/110_4G""","""110 4G"""
"""http://www.semanticweb.org/hust/master/2024/10/ontologies/smartphone.owl/device/105_4G""","""105 4G"""
"""http://www.semanticweb.org/hust/master/2024/10/ontologies/smartphone.owl/device/C20_Plus""","""C20 Plus"""
"""http://www.semanticweb.org/hust/master/2024/10/ontologies/smartphone.owl/device/C01_Plus""","""C01 Plus"""
"""http://www.semanticweb.org/hust/master/2024/10/ontologies/smartphone.owl/device/X20""","""X20"""
"""http://www.semanticweb.org/hust/master/2024/10/ontologies/smartphone.owl/device/X10""","""X10"""
"""http://www.semanticweb.org/hust/master/2024/10/ontologies/smartphone.owl/device/G20""","""G20"""
"""http://www.semanticweb.org/hust/master/2024/10/ontologies/smartphone.owl/device/G10""","""G10"""
"""http://www.semanticweb.org/hust/master/2024/10/ontologies/smartphone.owl/device/C20""","""C20"""
"""http://www.semanticweb.org/hust/master/2024/10/ontologies/smartphone.owl/device/C10""","""C10"""
"""http://www.semanticweb.org/hust/master/2024/10/ontologies/smartphone.owl/device/1_4""","""1.4"""
"""http://www.semanticweb.org/hust/master/2024/10/ontologies/smartphone.owl/device/5_4""","""5.4"""
"""http://www.semanticweb.org/hust/master/2024/10/ontologies/smartphone.owl/device/C1_Plus""","""C1 Plus"""
"""http://www.semanticweb.org/hust/master/2024/10/ontologies/smartphone.owl/device/8000_4G""","""8000 4G"""
"""http://www.semanticweb.org/hust/master/2024/10/ontologies/smartphone.owl/device/6300_4G""","""6300 4G"""
"""http://www.semanticweb.org/hust/master/2024/10/ontologies/smartphone.owl/device/8_V_5G_UW""","""8 V 5G UW"""
"""http://www.semanticweb.org/hust/master/2024/10/ontologies/smartphone.owl/device/2_V_Tella""","""2 V Tella"""
"""http://www.semanticweb.org/hust/master/2024/10/ontologies/smartphone.owl/device/225_4G""","""225 4G"""
"""http://www.semanticweb.org/hust/master/2024/10/ontologies/smartphone.owl/device/215_4G""","""215 4G"""
"""http://www.semanticweb.org/hust/master/2024/10/ontologies/smartphone.owl/device/3_4""","""3.4"""
"""http://www.semanticweb.org/hust/master/2024/10/ontologies/smartphone.owl/device/2_4""","""2.4"""
"""http://www.semanticweb.org/hust/master/2024/10/ontologies/smartphone.owl/device/C3""","""C3"""
"""http://www.semanticweb.org/hust/master/2024/10/ontologies/smartphone.owl/device/C5_Endi""","""C5 Endi"""
"""http://www.semanticweb.org/hust/master/2024/10/ontologies/smartphone.owl/device/C2_Tennen""","""C2 Tennen"""
"""http://www.semanticweb.org/hust/master/2024/10/ontologies/smartphone.owl/device/C2_Tava""","""C2 Tava"""
"""http://www.semanticweb.org/hust/master/2024/10/ontologies/smartphone.owl/device/150_2020""","""150 (2020)"""
"""http://www.semanticweb.org/hust/master/2024/10/ontologies/smartphone.owl/device/125""","""125"""
"""http://www.semanticweb.org/hust/master/2024/10/ontologies/smartphone.owl/device/8_3_5G""","""8.3 5G"""
"""http://www.semanticweb.org/hust/master/2024/10/ontologies/smartphone.owl/device/5_3""","""5.3"""
"""http://www.semanticweb.org/hust/master/2024/10/ontologies/smartphone.owl/device/1_3""","""1.3"""
"""http://www.semanticweb.org/hust/master/2024/10/ontologies/smartphone.owl/device/5310_2020""","""5310 (2020)"""
"""http://www.semanticweb.org/hust/master/2024/10/ontologies/smartphone.owl/device/C2""","""C2"""
"""http://www.semanticweb.org/hust/master/2024/10/ontologies/smartphone.owl/device/C1""","""C1"""
"""http://www.semanticweb.org/hust/master/2024/10/ontologies/smartphone.owl/device/2_3""","""2.3"""
"""http://www.semanticweb.org/hust/master/2024/10/ontologies/smartphone.owl/device/7_2""","""7.2"""
"""http://www.semanticweb.org/hust/master/2024/10/ontologies/smartphone.owl/device/6_2""","""6.2"""
"""http://www.semanticweb.org/hust/master/2024/10/ontologies/smartphone.owl/device/800_Tough""","""800 Tough"""
"""http://www.semanticweb.org/hust/master/2024/10/ontologies/smartphone.owl/device/2720_V_Flip""","""2720 V Flip"""
"""http://www.semanticweb.org/hust/master/2024/10/ontologies/smartphone.owl/device/2720_Flip""","""2720 Flip"""
"""http://www.semanticweb.org/hust/master/2024/10/ontologies/smartphone.owl/device/220_4G""","""220 4G"""
"""http://www.semanticweb.org/hust/master/2024/10/ontologies/smartphone.owl/device/110_2019""","""110 (2019)"""
"""http://www.semanticweb.org/hust/master/2024/10/ontologies/smartphone.owl/device/105_2019""","""105 (2019)"""
"""http://www.semanticweb.org/hust/master/2024/10/ontologies/smartphone.owl/device/3_1_C""","""3.1 C"""
"""http://www.semanticweb.org/hust/master/2024/10/ontologies/smartphone.owl/device/3_1_A""","""3.1 A"""
"""http://www.semanticweb.org/hust/master/2024/10/ontologies/smartphone.owl/device/2_2""","""2.2"""
"""http://www.semanticweb.org/hust/master/2024/10/ontologies/smartphone.owl/device/X71""","""X71"""
"""http://www.semanticweb.org/hust/master/2024/10/ontologies/smartphone.owl/device/9_PureView""","""9 PureView"""
"""http://www.semanticweb.org/hust/master/2024/10/ontologies/smartphone.owl/device/4_2""","""4.2"""
"""http://www.semanticweb.org/hust/master/2024/10/ontologies/smartphone.owl/device/3_V""","""3 V"""
"""http://www.semanticweb.org/hust/master/2024/10/ontologies/smartphone.owl/device/3_2""","""3.2"""
"""http://www.semanticweb.org/hust/master/2024/10/ontologies/smartphone.owl/device/1_Plus""","""1 Plus"""
"""http://www.semanticweb.org/hust/master/2024/10/ontologies/smartphone.owl/device/210""","""210"""
"""http://www.semanticweb.org/hust/master/2024/10/ontologies/smartphone.owl/device/8_1_Nokia_X7""","""8.1 (Nokia X7)"""
"""http://www.semanticweb.org/hust/master/2024/10/ontologies/smartphone.owl/device/106_2018""","""106 (2018)"""
"""http://www.semanticweb.org/hust/master/2024/10/ontologies/smartphone.owl/device/3_1_Plus""","""3.1 Plus"""
"""http://www.semanticweb.org/hust/master/2024/10/ontologies/smartphone.owl/device/7_1""","""7.1"""
"""http://www.semanticweb.org/hust/master/2024/10/ontologies/smartphone.owl/device/6_1_Plus_Nokia_X6""","""6.1 Plus (Nokia X6)"""
"""http://www.semanticweb.org/hust/master/2024/10/ontologies/smartphone.owl/device/5_1_Plus_Nokia_X5""","""5.1 Plus (Nokia X5)"""
"""http://www.semanticweb.org/hust/master/2024/10/ontologies/smartphone.owl/device/5_1""","""5.1"""
"""http://www.semanticweb.org/hust/master/2024/10/ontologies/smartphone.owl/device/3_1""","""3.1"""
"""http://www.semanticweb.org/hust/master/2024/10/ontologies/smartphone.owl/device/2_1""","""2.1"""
"""http://www.semanticweb.org/hust/master/2024/10/ontologies/smartphone.owl/device/8110_4G""","""8110 4G"""
"""http://www.semanticweb.org/hust/master/2024/10/ontologies/smartphone.owl/device/8_Sirocco""","""8 Sirocco"""
"""http://www.semanticweb.org/hust/master/2024/10/ontologies/smartphone.owl/device/7_plus""","""7 plus"""
"""http://www.semanticweb.org/hust/master/2024/10/ontologies/smartphone.owl/device/6_1""","""6.1"""
"""http://www.semanticweb.org/hust/master/2024/10/ontologies/smartphone.owl/device/1""","""1"""
"""http://www.semanticweb.org/hust/master/2024/10/ontologies/smartphone.owl/device/3310_4G""","""3310 4G"""
"""http://www.semanticweb.org/hust/master/2024/10/ontologies/smartphone.owl/device/2""","""2"""
"""http://www.semanticweb.org/hust/master/2024/10/ontologies/smartphone.owl/device/7""","""7"""
"""http://www.semanticweb.org/hust/master/2024/10/ontologies/smartphone.owl/device/3310_3G""","""3310 3G"""
"""http://www.semanticweb.org/hust/master/2024/10/ontologies/smartphone.owl/device/8""","""8"""
"""http://www.semanticweb.org/hust/master/2024/10/ontologies/smartphone.owl/device/105_2017""","""105 (2017)"""
"""http://www.semanticweb.org/hust/master/2024/10/ontologies/smartphone.owl/device/130_2017""","""130 (2017)"""
"""http://www.semanticweb.org/hust/master/2024/10/ontologies/smartphone.owl/device/3""","""3"""
"""http://www.semanticweb.org/hust/master/2024/10/ontologies/smartphone.owl/device/5""","""5"""
"""http://www.semanticweb.org/hust/master/2024/10/ontologies/smartphone.owl/device/6""","""6"""
"""http://www.semanticweb.org/hust/master/2024/10/ontologies/smartphone.owl/device/3310_2017""","""3310 (2017)"""
"""http://www.semanticweb.org/hust/master/2024/10/ontologies/smartphone.owl/device/150""","""150"""
"""http://www.semanticweb.org/hust/master/2024/10/ontologies/smartphone.owl/device/216""","""216"""
"""http://www.semanticweb.org/hust/master/2024/10/ontologies/smartphone.owl/device/230_Dual_SIM""","""230 Dual SIM"""
"""http://www.semanticweb.org/hust/master/2024/10/ontologies/smartphone.owl/device/230""","""230"""
"""http://www.semanticweb.org/hust/master/2024/10/ontologies/smartphone.owl/device/222_Dual_SIM""","""222 Dual SIM"""
"""http://www.semanticweb.org/hust/master/2024/10/ontologies/smartphone.owl/device/222""","""222"""
"""http://www.semanticweb.org/hust/master/2024/10/ontologies/smartphone.owl/device/105_Dual_SIM_2015""","""105 Dual SIM (2015)"""
"""http://www.semanticweb.org/hust/master/2024/10/ontologies/smartphone.owl/device/105_2015""","""105 (2015)"""
"""http://www.semanticweb.org/hust/master/2024/10/ontologies/smartphone.owl/device/215""","""215"""
"""http://www.semanticweb.org/hust/master/2024/10/ontologies/smartphone.owl/device/215_Dual_SIM""","""215 Dual SIM"""
"""http://www.semanticweb.org/hust/master/2024/10/ontologies/smartphone.owl/device/Lumia_638""","""Lumia 638"""
"""http://www.semanticweb.org/hust/master/2024/10/ontologies/smartphone.owl/device/N1""","""N1"""
"""http://www.semanticweb.org/hust/master/2024/10/ontologies/smartphone.owl/device/Redmi_A3_Pro""","""Redmi A3 Pro"""
"""http://www.semanticweb.org/hust/master/2024/10/ontologies/smartphone.owl/device/14T_Pro""","""14T Pro"""
"""http://www.semanticweb.org/hust/master/2024/10/ontologies/smartphone.owl/device/14T""","""14T"""
"""http://www.semanticweb.org/hust/master/2024/10/ontologies/smartphone.owl/device/Redmi_Note_14_Pro""","""Redmi Note 14 Pro+"""
"""http://www.semanticweb.org/hust/master/2024/10/ontologies/smartphone.owl/device/Redmi_Note_14_Pro""","""Redmi Note 14 Pro"""
"""http://www.semanticweb.org/hust/master/2024/10/ontologies/smartphone.owl/device/Redmi_Note_14""","""Redmi Note 14"""
"""http://www.semanticweb.org/hust/master/2024/10/ontologies/smartphone.owl/device/Redmi_14R""","""Redmi 14R"""
"""http://www.semanticweb.org/hust/master/2024/10/ontologies/smartphone.owl/device/Redmi_14C""","""Redmi 14C"""
"""http://www.semanticweb.org/hust/master/2024/10/ontologies/smartphone.owl/device/Poco_Pad_5G""","""Poco Pad 5G"""
"""http://www.semanticweb.org/hust/master/2024/10/ontologies/smartphone.owl/device/Poco_M6_Plus""","""Poco M6 Plus"""
"""http://www.semanticweb.org/hust/master/2024/10/ontologies/smartphone.owl/device/Redmi_Pad_SE_8_7""","""Redmi Pad SE 8.7"""
"""http://www.semanticweb.org/hust/master/2024/10/ontologies/smartphone.owl/device/Mix_Flip""","""Mix Flip"""
"""http://www.semanticweb.org/hust/master/2024/10/ontologies/smartphone.owl/device/Redmi_K70_Ultra""","""Redmi K70 Ultra"""
"""http://www.semanticweb.org/hust/master/2024/10/ontologies/smartphone.owl/device/Mix_Fold_4""","""Mix Fold 4"""
"""http://www.semanticweb.org/hust/master/2024/10/ontologies/smartphone.owl/device/Redmi_13_5G""","""Redmi 13 5G"""
"""http://www.semanticweb.org/hust/master/2024/10/ontologies/smartphone.owl/device/Poco_M6_4G""","""Poco M6 4G"""
"""http://www.semanticweb.org/hust/master/2024/10/ontologies/smartphone.owl/device/14_Civi""","""14 Civi"""
"""http://www.semanticweb.org/hust/master/2024/10/ontologies/smartphone.owl/device/Redmi_13""","""Redmi 13"""
"""http://www.semanticweb.org/hust/master/2024/10/ontologies/smartphone.owl/device/Redmi_Pad_Pro_5G""","""Redmi Pad Pro 5G"""
"""http://www.semanticweb.org/hust/master/2024/10/ontologies/smartphone.owl/device/Redmi_A3x""","""Redmi A3x"""
"""http://www.semanticweb.org/hust/master/2024/10/ontologies/smartphone.owl/device/Poco_F6_Pro""","""Poco F6 Pro"""
"""http://www.semanticweb.org/hust/master/2024/10/ontologies/smartphone.owl/device/Poco_F6""","""Poco F6"""
"""http://www.semanticweb.org/hust/master/2024/10/ontologies/smartphone.owl/device/Poco_Pad""","""Poco Pad"""
"""http://www.semanticweb.org/hust/master/2024/10/ontologies/smartphone.owl/device/Redmi_Note_13R""","""Redmi Note 13R"""
"""http://www.semanticweb.org/hust/master/2024/10/ontologies/smartphone.owl/device/Redmi_Pad_Pro""","""Redmi Pad Pro"""
"""http://www.semanticweb.org/hust/master/2024/10/ontologies/smartphone.owl/device/Redmi_Turbo_3""","""Redmi Turbo 3"""
"""http://www.semanticweb.org/hust/master/2024/10/ontologies/smartphone.owl/device/Poco_C61""","""Poco C61"""
"""http://www.semanticweb.org/hust/master/2024/10/ontologies/smartphone.owl/device/Civi_4_Pro""","""Civi 4 Pro"""
"""http://www.semanticweb.org/hust/master/2024/10/ontologies/smartphone.owl/device/Poco_X6_Neo""","""Poco X6 Neo"""
"""http://www.semanticweb.org/hust/master/2024/10/ontologies/smartphone.owl/device/14""","""14"""
"""http://www.semanticweb.org/hust/master/2024/10/ontologies/smartphone.owl/device/14_Ultra""","""14 Ultra"""
"""http://www.semanticweb.org/hust/master/2024/10/ontologies/smartphone.owl/device/Pad_6S_Pro_12_4""","""Pad 6S Pro 12.4"""
"""http://www.semanticweb.org/hust/master/2024/10/ontologies/smartphone.owl/device/Redmi_A3""","""Redmi A3"""
"""http://www.semanticweb.org/hust/master/2024/10/ontologies/smartphone.owl/device/Redmi_Note_13_Pro_4G""","""Redmi Note 13 Pro 4G"""
"""http://www.semanticweb.org/hust/master/2024/10/ontologies/smartphone.owl/device/Redmi_Note_13_4G""","""Redmi Note 13 4G"""
"""http://www.semanticweb.org/hust/master/2024/10/ontologies/smartphone.owl/device/Redmi_Note_13_Pro""","""Redmi Note 13 Pro+"""
"""http://www.semanticweb.org/hust/master/2024/10/ontologies/smartphone.owl/device/Redmi_Note_13_Pro""","""Redmi Note 13 Pro"""
"""http://www.semanticweb.org/hust/master/2024/10/ontologies/smartphone.owl/device/Redmi_Note_13""","""Redmi Note 13"""
"""http://www.semanticweb.org/hust/master/2024/10/ontologies/smartphone.owl/device/Poco_X6_Pro""","""Poco X6 Pro"""
"""http://www.semanticweb.org/hust/master/2024/10/ontologies/smartphone.owl/device/Poco_X6""","""Poco X6"""
"""http://www.semanticweb.org/hust/master/2024/10/ontologies/smartphone.owl/device/Poco_M6_Pro""","""Poco M6 Pro"""
"""http://www.semanticweb.org/hust/master/2024/10/ontologies/smartphone.owl/device/Poco_M6""","""Poco M6"""
"""http://www.semanticweb.org/hust/master/2024/10/ontologies/smartphone.owl/device/Redmi_13R""","""Redmi 13R"""
"""http://www.semanticweb.org/hust/master/2024/10/ontologies/smartphone.owl/device/Redmi_13C_5G""","""Redmi 13C 5G"""
"""http://www.semanticweb.org/hust/master/2024/10/ontologies/smartphone.owl/device/Redmi_K70_Pro""","""Redmi K70 Pro"""
"""http://www.semanticweb.org/hust/master/2024/10/ontologies/smartphone.owl/device/Redmi_K70""","""Redmi K70"""
"""http://www.semanticweb.org/hust/master/2024/10/ontologies/smartphone.owl/device/Redmi_K70E""","""Redmi K70E"""
"""http://www.semanticweb.org/hust/master/2024/10/ontologies/smartphone.owl/device/Redmi_Note_13R_Pro""","""Redmi Note 13R Pro"""
"""http://www.semanticweb.org/hust/master/2024/10/ontologies/smartphone.owl/device/Redmi_13C""","""Redmi 13C"""
"""http://www.semanticweb.org/hust/master/2024/10/ontologies/smartphone.owl/device/Poco_C65""","""Poco C65"""
"""http://www.semanticweb.org/hust/master/2024/10/ontologies/smartphone.owl/device/14_Pro""","""14 Pro"""
"""http://www.semanticweb.org/hust/master/2024/10/ontologies/smartphone.owl/device/13T_Pro""","""13T Pro"""
"""http://www.semanticweb.org/hust/master/2024/10/ontologies/smartphone.owl/device/13T""","""13T"""
"""http://www.semanticweb.org/hust/master/2024/10/ontologies/smartphone.owl/device/Redmi_Note_13_China""","""Redmi Note 13 (China)"""
"""http://www.semanticweb.org/hust/master/2024/10/ontologies/smartphone.owl/device/Redmi_Pad_SE""","""Redmi Pad SE"""
"""http://www.semanticweb.org/hust/master/2024/10/ontologies/smartphone.owl/device/Redmi_K60_Ultra""","""Redmi K60 Ultra"""
"""http://www.semanticweb.org/hust/master/2024/10/ontologies/smartphone.owl/device/Mix_Fold_3""","""Mix Fold 3"""
"""http://www.semanticweb.org/hust/master/2024/10/ontologies/smartphone.owl/device/Pad_6_Max_14""","""Pad 6 Max 14"""
"""http://www.semanticweb.org/hust/master/2024/10/ontologies/smartphone.owl/device/Poco_M6_Pro_5G""","""Poco M6 Pro 5G"""
"""http://www.semanticweb.org/hust/master/2024/10/ontologies/smartphone.owl/device/Redmi_12_5G""","""Redmi 12 5G"""
"""http://www.semanticweb.org/hust/master/2024/10/ontologies/smartphone.owl/device/Redmi_Note_12R""","""Redmi Note 12R"""
"""http://www.semanticweb.org/hust/master/2024/10/ontologies/smartphone.owl/device/Redmi_Note_12R_Pro""","""Redmi Note 12R Pro"""
"""http://www.semanticweb.org/hust/master/2024/10/ontologies/smartphone.owl/device/Redmi_12""","""Redmi 12"""
"""http://www.semanticweb.org/hust/master/2024/10/ontologies/smartphone.owl/device/Redmi_Note_12T_Pro""","""Redmi Note 12T Pro"""
"""http://www.semanticweb.org/hust/master/2024/10/ontologies/smartphone.owl/device/Civi_3""","""Civi 3"""
"""http://www.semanticweb.org/hust/master/2024/10/ontologies/smartphone.owl/device/Poco_F5_Pro""","""Poco F5 Pro"""
"""http://www.semanticweb.org/hust/master/2024/10/ontologies/smartphone.owl/device/Poco_F5""","""Poco F5"""
"""http://www.semanticweb.org/hust/master/2024/10/ontologies/smartphone.owl/device/13_Ultra""","""13 Ultra"""
"""http://www.semanticweb.org/hust/master/2024/10/ontologies/smartphone.owl/device/Pad_6_Pro""","""Pad 6 Pro"""
"""http://www.semanticweb.org/hust/master/2024/10/ontologies/smartphone.owl/device/Pad_6""","""Pad 6"""
"""http://www.semanticweb.org/hust/master/2024/10/ontologies/smartphone.owl/device/Poco_C51""","""Poco C51"""
"""http://www.semanticweb.org/hust/master/2024/10/ontologies/smartphone.owl/device/Redmi_Note_12S""","""Redmi Note 12S"""
"""http://www.semanticweb.org/hust/master/2024/10/ontologies/smartphone.owl/device/Redmi_Note_12_Pro_4G""","""Redmi Note 12 Pro 4G"""
"""http://www.semanticweb.org/hust/master/2024/10/ontologies/smartphone.owl/device/Redmi_Note_12_Turbo""","""Redmi Note 12 Turbo"""
"""http://www.semanticweb.org/hust/master/2024/10/ontologies/smartphone.owl/device/Redmi_A2""","""Redmi A2+"""
"""http://www.semanticweb.org/hust/master/2024/10/ontologies/smartphone.owl/device/Redmi_A2""","""Redmi A2"""
"""http://www.semanticweb.org/hust/master/2024/10/ontologies/smartphone.owl/device/Redmi_Note_12_4G""","""Redmi Note 12 4G"""
"""http://www.semanticweb.org/hust/master/2024/10/ontologies/smartphone.owl/device/13_Pro""","""13 Pro"""
"""http://www.semanticweb.org/hust/master/2024/10/ontologies/smartphone.owl/device/13""","""13"""
"""http://www.semanticweb.org/hust/master/2024/10/ontologies/smartphone.owl/device/13_Lite""","""13 Lite"""
"""http://www.semanticweb.org/hust/master/2024/10/ontologies/smartphone.owl/device/Poco_C55""","""Poco C55"""
"""http://www.semanticweb.org/hust/master/2024/10/ontologies/smartphone.owl/device/Poco_X5_Pro""","""Poco X5 Pro"""
"""http://www.semanticweb.org/hust/master/2024/10/ontologies/smartphone.owl/device/Poco_X5""","""Poco X5"""
"""http://www.semanticweb.org/hust/master/2024/10/ontologies/smartphone.owl/device/Redmi_Note_12""","""Redmi Note 12"""
"""http://www.semanticweb.org/hust/master/2024/10/ontologies/smartphone.owl/device/Poco_C50""","""Poco C50"""
"""http://www.semanticweb.org/hust/master/2024/10/ontologies/smartphone.owl/device/Redmi_Note_12_Pro_Speed""","""Redmi Note 12 Pro Speed"""
"""http://www.semanticweb.org/hust/master/2024/10/ontologies/smartphone.owl/device/Redmi_K60_Pro""","""Redmi K60 Pro"""
"""http://www.semanticweb.org/hust/master/2024/10/ontologies/smartphone.owl/device/Redmi_K60E""","""Redmi K60E"""
"""http://www.semanticweb.org/hust/master/2024/10/ontologies/smartphone.owl/device/Redmi_K60""","""Redmi K60"""
"""http://www.semanticweb.org/hust/master/2024/10/ontologies/smartphone.owl/device/Redmi_12C""","""Redmi 12C"""
"""http://www.semanticweb.org/hust/master/2024/10/ontologies/smartphone.owl/device/Redmi_Note_12_Discovery""","""Redmi Note 12 Discovery"""
"""http://www.semanticweb.org/hust/master/2024/10/ontologies/smartphone.owl/device/Redmi_Note_12_Pro""","""Redmi Note 12 Pro+"""
"""http://www.semanticweb.org/hust/master/2024/10/ontologies/smartphone.owl/device/Redmi_Note_12_Pro""","""Redmi Note 12 Pro"""
"""http://www.semanticweb.org/hust/master/2024/10/ontologies/smartphone.owl/device/Redmi_Note_12_China""","""Redmi Note 12 (China)"""
"""http://www.semanticweb.org/hust/master/2024/10/ontologies/smartphone.owl/device/12T_Pro""","""12T Pro"""
"""http://www.semanticweb.org/hust/master/2024/10/ontologies/smartphone.owl/device/12T""","""12T"""
"""http://www.semanticweb.org/hust/master/2024/10/ontologies/smartphone.owl/device/Redmi_Pad""","""Redmi Pad"""
"""http://www.semanticweb.org/hust/master/2024/10/ontologies/smartphone.owl/device/Redmi_Note_11R""","""Redmi Note 11R"""
"""http://www.semanticweb.org/hust/master/2024/10/ontologies/smartphone.owl/device/Redmi_A1""","""Redmi A1+"""
"""http://www.semanticweb.org/hust/master/2024/10/ontologies/smartphone.owl/device/Civi_2""","""Civi 2"""
"""http://www.semanticweb.org/hust/master/2024/10/ontologies/smartphone.owl/device/Redmi_11_Prime""","""Redmi 11 Prime"""
"""http://www.semanticweb.org/hust/master/2024/10/ontologies/smartphone.owl/device/Redmi_11_Prime_5G""","""Redmi 11 Prime 5G"""
"""http://www.semanticweb.org/hust/master/2024/10/ontologies/smartphone.owl/device/Redmi_A1""","""Redmi A1"""
"""http://www.semanticweb.org/hust/master/2024/10/ontologies/smartphone.owl/device/Poco_M5s""","""Poco M5s"""
"""http://www.semanticweb.org/hust/master/2024/10/ontologies/smartphone.owl/device/Poco_M5""","""Poco M5"""
"""http://www.semanticweb.org/hust/master/2024/10/ontologies/smartphone.owl/device/Poco_M5_India""","""Poco M5 (India)"""
"""http://www.semanticweb.org/hust/master/2024/10/ontologies/smartphone.owl/device/Redmi_Note_11_SE_India""","""Redmi Note 11 SE (India)"""
"""http://www.semanticweb.org/hust/master/2024/10/ontologies/smartphone.owl/device/Poco_M4_5G""","""Poco M4 5G"""
"""http://www.semanticweb.org/hust/master/2024/10/ontologies/smartphone.owl/device/Redmi_K50_Ultra""","""Redmi K50 Ultra"""
"""http://www.semanticweb.org/hust/master/2024/10/ontologies/smartphone.owl/device/Mix_Fold_2""","""Mix Fold 2"""
"""http://www.semanticweb.org/hust/master/2024/10/ontologies/smartphone.owl/device/Pad_5_Pro_12_4""","""Pad 5 Pro 12.4"""
"""http://www.semanticweb.org/hust/master/2024/10/ontologies/smartphone.owl/device/Redmi_K50i""","""Redmi K50i"""
"""http://www.semanticweb.org/hust/master/2024/10/ontologies/smartphone.owl/device/12_Lite""","""12 Lite"""
"""http://www.semanticweb.org/hust/master/2024/10/ontologies/smartphone.owl/device/12S_Ultra""","""12S Ultra"""
"""http://www.semanticweb.org/hust/master/2024/10/ontologies/smartphone.owl/device/12S_Pro""","""12S Pro"""
"""http://www.semanticweb.org/hust/master/2024/10/ontologies/smartphone.owl/device/12_Pro_Dimensity""","""12 Pro (Dimensity)"""
"""http://www.semanticweb.org/hust/master/2024/10/ontologies/smartphone.owl/device/Poco_F4""","""Poco F4"""
"""http://www.semanticweb.org/hust/master/2024/10/ontologies/smartphone.owl/device/Poco_X4_GT""","""Poco X4 GT"""
"""http://www.semanticweb.org/hust/master/2024/10/ontologies/smartphone.owl/device/Poco_C40""","""Poco C40"""
"""http://www.semanticweb.org/hust/master/2024/10/ontologies/smartphone.owl/device/Redmi_Note_11T_Pro""","""Redmi Note 11T Pro+"""
"""http://www.semanticweb.org/hust/master/2024/10/ontologies/smartphone.owl/device/Redmi_Note_11T_Pro""","""Redmi Note 11T Pro"""
"""http://www.semanticweb.org/hust/master/2024/10/ontologies/smartphone.owl/device/Redmi_Note_11SE""","""Redmi Note 11SE"""
"""http://www.semanticweb.org/hust/master/2024/10/ontologies/smartphone.owl/device/Redmi_10_Prime_2022""","""Redmi 10 Prime 2022"""
"""http://www.semanticweb.org/hust/master/2024/10/ontologies/smartphone.owl/device/Poco_M4_5G_India""","""Poco M4 5G (India)"""
"""http://www.semanticweb.org/hust/master/2024/10/ontologies/smartphone.owl/device/Poco_F4_GT""","""Poco F4 GT"""
"""http://www.semanticweb.org/hust/master/2024/10/ontologies/smartphone.owl/device/Redmi_10_Power""","""Redmi 10 Power"""
"""http://www.semanticweb.org/hust/master/2024/10/ontologies/smartphone.owl/device/Black_Shark_5_Pro""","""Black Shark 5 Pro"""
"""http://www.semanticweb.org/hust/master/2024/10/ontologies/smartphone.owl/device/Black_Shark_5""","""Black Shark 5"""
"""http://www.semanticweb.org/hust/master/2024/10/ontologies/smartphone.owl/device/Black_Shark_5_RS""","""Black Shark 5 RS"""
"""http://www.semanticweb.org/hust/master/2024/10/ontologies/smartphone.owl/device/Redmi_10A""","""Redmi 10A"""
"""http://www.semanticweb.org/hust/master/2024/10/ontologies/smartphone.owl/device/Redmi_Note_11S_5G""","""Redmi Note 11S 5G"""
"""http://www.semanticweb.org/hust/master/2024/10/ontologies/smartphone.owl/device/Redmi_10_5G""","""Redmi 10 5G"""
"""http://www.semanticweb.org/hust/master/2024/10/ontologies/smartphone.owl/device/Redmi_Note_11_Pro_5G""","""Redmi Note 11 Pro+ 5G"""
"""http://www.semanticweb.org/hust/master/2024/10/ontologies/smartphone.owl/device/Redmi_K50_Pro""","""Redmi K50 Pro"""
"""http://www.semanticweb.org/hust/master/2024/10/ontologies/smartphone.owl/device/Redmi_K50""","""Redmi K50"""
"""http://www.semanticweb.org/hust/master/2024/10/ontologies/smartphone.owl/device/Redmi_K40S""","""Redmi K40S"""
"""http://www.semanticweb.org/hust/master/2024/10/ontologies/smartphone.owl/device/Pixel_8a""","""Pixel 8a"""
"""http://www.semanticweb.org/hust/master/2024/10/ontologies/smartphone.owl/device/Pixel_8_Pro""","""Pixel 8 Pro"""
"""http://www.semanticweb.org/hust/master/2024/10/ontologies/smartphone.owl/device/Pixel_8""","""Pixel 8"""
"""http://www.semanticweb.org/hust/master/2024/10/ontologies/smartphone.owl/device/Pixel_Fold""","""Pixel Fold"""
"""http://www.semanticweb.org/hust/master/2024/10/ontologies/smartphone.owl/device/Pixel_Tablet""","""Pixel Tablet"""
"""http://www.semanticweb.org/hust/master/2024/10/ontologies/smartphone.owl/device/Pixel_7a""","""Pixel 7a"""
"""http://www.semanticweb.org/hust/master/2024/10/ontologies/smartphone.owl/device/Pixel_7_Pro""","""Pixel 7 Pro"""
"""http://www.semanticweb.org/hust/master/2024/10/ontologies/smartphone.owl/device/Pixel_7""","""Pixel 7"""
"""http://www.semanticweb.org/hust/master/2024/10/ontologies/smartphone.owl/device/Pixel_6a""","""Pixel 6a"""
"""http://www.semanticweb.org/hust/master/2024/10/ontologies/smartphone.owl/device/Pixel_6_Pro""","""Pixel 6 Pro"""
"""http://www.semanticweb.org/hust/master/2024/10/ontologies/smartphone.owl/device/Pixel_6""","""Pixel 6"""
"""http://www.semanticweb.org/hust/master/2024/10/ontologies/smartphone.owl/device/Pixel_5a_5G""","""Pixel 5a 5G"""
"""http://www.semanticweb.org/hust/master/2024/10/ontologies/smartphone.owl/device/Pixel_4a_5G""","""Pixel 4a 5G"""
"""http://www.semanticweb.org/hust/master/2024/10/ontologies/smartphone.owl/device/Pixel_4a""","""Pixel 4a"""
"""http://www.semanticweb.org/hust/master/2024/10/ontologies/smartphone.owl/device/Pixel_4_XL""","""Pixel 4 XL"""
"""http://www.semanticweb.org/hust/master/2024/10/ontologies/smartphone.owl/device/Pixel_4""","""Pixel 4"""
"""http://www.semanticweb.org/hust/master/2024/10/ontologies/smartphone.owl/device/Pixel_3a_XL""","""Pixel 3a XL"""
"""http://www.semanticweb.org/hust/master/2024/10/ontologies/smartphone.owl/device/Pixel_3a""","""Pixel 3a"""
"""http://www.semanticweb.org/hust/master/2024/10/ontologies/smartphone.owl/device/Pixel_3_XL""","""Pixel 3 XL"""
"""http://www.semanticweb.org/hust/master/2024/10/ontologies/smartphone.owl/device/Pixel_3""","""Pixel 3"""
"""http://www.semanticweb.org/hust/master/2024/10/ontologies/smartphone.owl/device/Pixel_2""","""Pixel 2"""
"""http://www.semanticweb.org/hust/master/2024/10/ontologies/smartphone.owl/device/Pixel_2_XL""","""Pixel 2 XL"""
"""http://www.semanticweb.org/hust/master/2024/10/ontologies/smartphone.owl/device/Pixel_XL""","""Pixel XL"""
"""http://www.semanticweb.org/hust/master/2024/10/ontologies/smartphone.owl/device/Pixel""","""Pixel"""
"""http://www.semanticweb.org/hust/master/2024/10/ontologies/smartphone.owl/device/Pixel_C""","""Pixel C"""
